run,tab,column,cells checked,verdict,cells that don't fit,what doesn't fit,worst,all
flag,Columns,B,6116,DIFFERS,278,"label, the padding only","Columns!B3 [view-00]: ""Checked every column?"" -- 21 characters x 1.1 + 2 = 25.1 in 24","[[""Checked every column?"", ""21 characters x 1.1 + 2 = 25.1 in 24""]]"
flag,Columns,C,5282,TIED,0,,,[]
flag,Columns,D,3614,DIFFERS,278,"label, the padding only","Columns!D28 [view-00]: ""Bottom (divided by)"" -- 19 characters x 1 + 2 = 21.0 in 20","[[""Bottom (divided by)"", ""19 characters x 1 + 2 = 21.0 in 20""]]"
flag,Columns,E,3336,DIFFERS,1112,"prose; prose, the padding only","Columns!E18 [view-00]: ""name contains 'gco'; zero on 92% of loans, never negative"" -- 57 characters x 1 + 2 = 59.0 in 51.3","[[""name contains 'fico'; 98% of values between 300 and 850"", ""55 characters x 1 + 2 = 57.0 in 51.3""], [""name contains 'gco'; zero on 92% of loans, never negative"", ""57 characters x 1 + 2 = 59.0 in 51.3""], [""name contains 'loan'; a different value on every row"", ""52 characters x 1 + 2 = 54.0 in 51.3""], [""picked and confirmed in the launcher as the outcome"", ""51 characters x 1 + 2 = 53.0 in 51.3""]]"
flag,Columns,F,3058,TIED,0,,,[]
flag,Columns,G,834,TIED,0,,,[]
flag,Columns,H,834,DIFFERS,278,"label, the padding only","Columns!H12 [view-00]: ""Treat as ↻"" -- 10 characters x 1 + 2 = 12.0 in 11","[[""Treat as \u21bb"", ""10 characters x 1 + 2 = 12.0 in 11""]]"
flag,Columns,I,278,TIED,0,,,[]
flag,Columns,J,3058,TIED,0,,,[]
flag,Columns,K,3058,DIFFERS,278,"label, the padding only","Columns!K12 [view-00]: ""Forget? ↻"" -- 9 characters x 1 + 2 = 11.0 in 9","[[""Forget? \u21bb"", ""9 characters x 1 + 2 = 11.0 in 9""]]"
flag,Columns,L,1668,DIFFERS,834,"prose, the padding only","Columns!L15 [view-00]: ""suggested as Category from its shape alone (3 different values). If it's something more specific, say so and it will be remembered."" -- 131 characters x 1 + 2 = 133.0 in 60 (+72 empty beside it)","[[""suggested as Category from its shape alone (2 different values). If it's something more specific, say so and it will be remembered."", ""131 characters x 1 + 2 = 133.0 in 60 (+72 empty beside it)""], [""suggested as Category from its shape alone (3 different values). If it's something more specific, say so and it will be remembered."", ""131 characters x 1 + 2 = 133.0 in 60 (+72 empty beside it)""], [""suggested as Category from its shape alone (4 different values). If it's something more specific, say so and it will be remembered."", ""131 characters x 1 + 2 = 133.0 in 60 (+72 empty beside it)""]]"
flag,Columns,M,278,DIFFERS,278,"label, the padding only","Columns!M12 [view-00]: ""Yes means ↻"" -- 11 characters x 1 + 2 = 13.0 in 12","[[""Yes means \u21bb"", ""11 characters x 1 + 2 = 13.0 in 12""]]"
flag,Columns,N,278,TIED,0,,,[]
flag,Columns,O,278,TIED,0,,,[]
flag,Columns,P,278,TIED,0,,,[]
flag,Control,B,9174,DIFFERS,278,prose,"Control!B44 [view-00]: ""Text columns: more values than this is too many to cut by (text is never cut into bands)"" -- 88 characters x 1 + 2 = 90.0 in 82","[[""Text columns: more values than this is too many to cut by (text is never cut into bands)"", ""88 characters x 1 + 2 = 90.0 in 82""]]"
flag,Control,C,8062,DIFFERS,278,prose,"Control!C29 [view-00]: ""Hold down the share of false finds (Benjamini-Hochberg) (recommended)"" -- 69 characters x 1 + 3 = 72.0 in 66","[[""Hold down the share of false finds (Benjamini-Hochberg) (recommended)"", ""69 characters x 1 + 3 = 72.0 in 66""]]"
flag,Control,D,1668,DIFFERS,556,"label, the padding only","Control!D14 [view-00]: ""Or your own"" -- 11 characters x 1 + 2 = 13.0 in 12","[[""Or your own"", ""11 characters x 1 + 2 = 13.0 in 12""]]"
flag,Control,E,1112,TIED,0,,,[]
flag,Control,F,4170,TIED,0,,,[]
flag,Control,H,3892,TIED,0,,,[]
flag,Control,I,1390,TIED,0,,,[]
flag,Control,M,2502,TIED,0,,,[]
flag,Control,N,1668,TIED,0,,,[]
flag,Control,O,1668,TIED,0,,,[]
flag,Control,P,1668,TIED,0,,,[]
flag,Grids,AA,1922,TIED,0,,,[]
flag,Grids,AB,714,TIED,0,,,[]
flag,Grids,AC,548,TIED,0,,,[]
flag,Grids,AD,1068,TIED,0,,,[]
flag,Grids,B,14474,TIED,0,,,[]
flag,Grids,C,9587,DIFFERS,278,wrapped prose,"Grids!C7 [view-00]: ""Red is worse, green better, pale in line: 0.5× and under the greenest, 2× and over the deepest red; for a gap in points, the largest in the grid is the deepest. A blank: alone in its band, or fewer losses than fewest losses on Control, so not compared (a setting for the next Run). Grey: fewer loans than the 65 in Fewest loans in a pocket on Control, so not coloured, and left out of the largest gap."" -- wraps to 2 lines of 359 characters; the row is 17 pt, 26 needed","[[""Red is worse, green better, pale in line: 0.5\u00d7 and under the greenest, 2\u00d7 and over the deepest red; for a gap in points, the largest in the grid is the deepest. A blank: alone in its band, or fewer losses than fewest losses on Control, so not compared (a setting for the next Run). Grey: fewer loans than the 65 in Fewest loans in a pocket on Control, so not coloured, and left out of the largest gap."", ""wraps to 2 lines of 359 characters; the row is 17 pt, 26 needed""]]"
flag,Grids,D,6253,TIED,0,,,[]
flag,Grids,E,5950,TIED,0,,,[]
flag,Grids,F,6946,TIED,0,,,[]
flag,Grids,G,5217,TIED,0,,,[]
flag,Grids,H,4402,TIED,0,,,[]
flag,Grids,I,4768,TIED,0,,,[]
flag,Grids,J,5254,TIED,0,,,[]
flag,Grids,K,4261,TIED,0,,,[]
flag,Grids,L,1433,TIED,0,,,[]
flag,Grids,M,668,TIED,0,,,[]
flag,Grids,N,1082,TIED,0,,,[]
flag,Grids,O,625,TIED,0,,,[]
flag,Grids,Q,5284,TIED,0,,,[]
flag,Grids,R,4154,TIED,0,,,[]
flag,Grids,S,3451,TIED,0,,,[]
flag,Grids,T,3052,TIED,0,,,[]
flag,Grids,U,3632,TIED,0,,,[]
flag,Grids,V,2572,TIED,0,,,[]
flag,Grids,W,1096,TIED,0,,,[]
flag,Grids,X,1648,TIED,0,,,[]
flag,Grids,Y,1440,TIED,0,,,[]
flag,Grids,Z,1096,TIED,0,,,[]
flag,Look,B,16958,DIFFERS,834,label,"Look!B26 [view-00]: ""50th percentile (P50), the median"" -- 33 characters x 1 + 2 = 35.0 in 32","[[""50th percentile (P50), the median"", ""33 characters x 1 + 2 = 35.0 in 32""]]"
flag,Look,C,15290,DIFFERS,1112,wrapped prose,"Look!C6 [view-00]: ""Red dashed: the band edges typed on Columns. They follow that tab as you type, so you can try edges here before the next Run; blank edges are cut at the Run, so no lines show. Grey: the 10th, 25th, 50th, 75th and 90th percentile, P10 to P90. A tenth of the loans on the chart lie below P10, half below P50 (the median). Worked out as Excel's PERCENTILE.INC does."" -- wraps to 3 lines of 163 characters; the row is 31 pt, 39 needed","[[""A value that looks like a code, such as a score of -9999, gets a red bar of its own left of the chart, so it doesn't flatten the rest. Columns asks whether it means missing."", ""wraps to 2 lines of 163 characters; the row is 17 pt, 26 needed""], [""How many loans fall in each step between From and To. Pick 10, 20 or 50 bars and change the range; the chart follows. The grey bar at each end holds the loans outside the range."", ""wraps to 2 lines of 163 characters; the row is 17 pt, 26 needed""], [""Red dashed: the band edges typed on Columns. They follow that tab as you type, so you can try edges here before the next Run; blank edges are cut at the Run, so no lines show. Grey: the 10th, 25th, 50th, 75th and 90th percentile, P10 to P90. A tenth of the loans on the chart lie below P10, half below P50 (the median). Worked out as Excel's PERCENTILE.INC does."", ""wraps to 3 lines of 163 characters; the row is 31 pt, 39 needed""], [""The split column against each band column: a random 2,000 loans, the same every time. If the dots slope, the two move together, and part of a gap on Split may belong to the band column."", ""wraps to 2 lines of 163 characters; the row is 17 pt, 26 needed""]]"
flag,Look,D,1946,TIED,0,,,[]
flag,Look,H,834,TIED,0,,,[]
flag,"Paid, cost, kept",B,9318,DIFFERS,278,label,"Paid, cost, kept!B1 [view-00]: ""Paid, cost, kept"" -- 16 characters x 1.8 + 2 = 30.4 in 20","[[""Paid, cost, kept"", ""16 characters x 1.8 + 2 = 30.4 in 20""]]"
flag,"Paid, cost, kept",C,8484,DIFFERS,278,wrapped prose,"Paid, cost, kept!C9 [view-00]: ""The two sides read at once. Priced for it: more charge-offs and more kept. Net drain: more charge-offs and less kept. Strong: fewer charge-offs and more kept. Safe but idle: fewer charge-offs and less kept. Earns less, not from losses: less kept while charge-offs are about the same. Losing more, profit holding: more charge-offs while what we kept is about the same. Blank: nothing to read together. Borderline: the test's p-value is within the shuffle's own margin of the 5% bar, so another run could read it the other way. Together gives the p-value of each side that is, charge-offs first."" -- wraps to 5 lines of 143 characters; the row is 59 pt, 65 needed","[[""The two sides read at once. Priced for it: more charge-offs and more kept. Net drain: more charge-offs and less kept. Strong: fewer charge-offs and more kept. Safe but idle: fewer charge-offs and less kept. Earns less, not from losses: less kept while charge-offs are about the same. Losing more, profit holding: more charge-offs while what we kept is about the same. Blank: nothing to read together. Borderline: the test's p-value is within the shuffle's own margin of the 5% bar, so another run could read it the other way. Together gives the p-value of each side that is, charge-offs first."", ""wraps to 5 lines of 143 characters; the row is 59 pt, 65 needed""]]"
flag,"Paid, cost, kept",D,6260,TIED,0,,,[]
flag,"Paid, cost, kept",E,5982,TIED,0,,,[]
flag,"Paid, cost, kept",F,6260,TIED,0,,,[]
flag,"Paid, cost, kept",G,5982,TIED,0,,,[]
flag,"Paid, cost, kept",H,6260,TIED,0,,,[]
flag,"Paid, cost, kept",I,5982,TIED,0,,,[]
flag,"Paid, cost, kept",J,6260,TIED,0,,,[]
flag,"Paid, cost, kept",K,1006,TIED,0,,,[]
flag,"Paid, cost, kept",M,1562,TIED,0,,,[]
flag,Pockets,B,20055,TIED,0,,,[]
flag,Pockets,C,23947,TIED,0,,,[]
flag,Pockets,D,23669,TIED,0,,,[]
flag,Pockets,E,13196,TIED,0,,,[]
flag,Pockets,F,20889,TIED,0,,,[]
flag,Pockets,G,20055,DIFFERS,278,"label, the padding only","Pockets!G19 [view-00]: ""This pocket"" -- 11 characters x 1 + 2 = 13.0 in 11","[[""This pocket"", ""11 characters x 1 + 2 = 13.0 in 11""]]"
flag,Pockets,H,20611,DIFFERS,278,"label, the padding only","Pockets!H19 [view-00]: ""Rest of band"" -- 12 characters x 1 + 2 = 14.0 in 12","[[""Rest of band"", ""12 characters x 1 + 2 = 14.0 in 12""]]"
flag,Pockets,I,20055,DIFFERS,202,"label, the padding only","Pockets!I19 [view-00]: ""× rest of band"" -- 14 characters x 1 + 2 = 16.0 in 14","[[""\u00d7 rest of band"", ""14 characters x 1 + 2 = 16.0 in 14""]]"
flag,Pockets,J,20611,DIFFERS,479,"label, the padding only","Pockets!J19 [view-00]: ""Bad loans above share"" -- 21 characters x 1 + 2 = 23.0 in 22","[[""Bad loans above share"", ""21 characters x 1 + 2 = 23.0 in 22""], [""Dollars short of band"", ""21 characters x 1 + 2 = 23.0 in 22""], [""Rest of its band"", ""16 characters x 1.3 + 3 = 24.3 in 22""]]"
flag,Pockets,K,20333,TIED,0,,,[]
flag,Pockets,L,17370,TIED,0,,,[]
flag,Pockets,M,20055,TIED,0,,,[]
flag,Pockets,N,19922,TIED,0,,,[]
flag,Record,B,15012,DIFFERS,834,wrapped label; wrapped prose,"Record!B35 [view-00]: ""Smallest gap a typical pocket could show: Earned before losses"" -- wraps to 3 lines of 30 characters; the row is 32 pt, 39 needed","[[""Left out of Earned before losses"", ""wraps to 2 lines of 30 characters; the row is 18 pt, 26 needed""], [""Pockets: ORIG_BAL x ASSET_CLASS"", ""wraps to 2 lines of 30 characters; the row is 18 pt, 26 needed""], [""Smallest gap a typical pocket could show: Earned before losses"", ""wraps to 3 lines of 30 characters; the row is 32 pt, 39 needed""]]"
flag,Record,C,18070,DIFFERS,3058,wrapped prose,"Record!C46 [view-00]: ""At most 123 pockets per grid can be tested: at the suggested floor a pocket needs to expect 5 bad loans, and the"" -- wraps to 2 lines of 89 characters; the row is 18 pt, 26 needed","[[""16 pockets, against a budget of 123. 15 have at least 10 bad loans and can be tested, holding 100% of the loans"", ""wraps to 2 lines of 89 characters; the row is 18 pt, 26 needed""], [""19 pockets, against a budget of 123. 15 have at least 10 bad loans and can be tested, holding 98% of the loans"", ""wraps to 2 lines of 89 characters; the row is 18 pt, 26 needed""], [""21 pockets, against a budget of 123. 20 have at least 10 bad loans and can be tested, holding 100% of the loans"", ""wraps to 2 lines of 89 characters; the row is 18 pt, 26 needed""], [""25 pockets, against a budget of 123. 20 have at least 10 bad loans and can be tested, holding 98% of the loans"", ""wraps to 2 lines of 89 characters; the row is 18 pt, 26 needed""], [""310 pockets across 8 grids. Testable means at least 10 bad loans (fewest losses): that is the only floor that"", ""wraps to 2 lines of 89 characters; the row is 18 pt, 26 needed""], [""8 pockets had no other pocket in its band, so they were compared with the rest of the book."", ""wraps to 2 lines of 89 characters; the row is 18 pt, 26 needed""], [""At most 123 pockets per grid can be tested: at the suggested floor a pocket needs to expect 5 bad loans, and the"", ""wraps to 2 lines of 89 characters; the row is 18 pt, 26 needed""], [""SYS_FLAG: N (4,246 loans), Y (3,671 loans), (blank) (83 loans). Grids' Only loans where builds each grid again"", ""wraps to 2 lines of 89 characters; the row is 18 pt, 26 needed""], [""book has 619 (619 \u00f7 5 = 123). Fewer in practice, since loans never spread evenly. Each grid cuts the whole book"", ""wraps to 2 lines of 89 characters; the row is 18 pt, 26 needed""], [""fewest loans 65 (enough to expect 5 with the outcome at the book's rate of 7.74%); worse at 1.34x; better at"", ""wraps to 2 lines of 89 characters; the row is 18 pt, 26 needed""], [""on one value's loans, set against the whole book. Picked in the launcher (Filter by), apart from the split."", ""wraps to 2 lines of 89 characters; the row is 18 pt, 26 needed""]]"
flag,Record,E,9730,DIFFERS,1390,wrapped label; wrapped prose,"Record!E18 [view-00]: ""How far profit must move before it counts as more or less"" -- wraps to 3 lines of 30 characters; the row is 32 pt, 39 needed","[[""How far profit must move before it counts as more or less"", ""wraps to 3 lines of 30 characters; the row is 32 pt, 39 needed""], [""How often a real gap should be caught"", ""wraps to 2 lines of 30 characters; the row is 18 pt, 26 needed""], [""Smallest excess loss worth reporting"", ""wraps to 2 lines of 30 characters; the row is 18 pt, 26 needed""], [""The allowance for many tests covers"", ""wraps to 2 lines of 30 characters; the row is 18 pt, 26 needed""], [""What a pocket is judged against"", ""wraps to 2 lines of 30 characters; the row is 18 pt, 26 needed""]]"
flag,Record,F,18070,DIFFERS,6394,wrapped prose,"Record!F39 [view-00]: ""A verdict is borderline when the p-value that decides it came from shuffling and sits within 2 of its own standard errors of the 5% bar, either side, so another run of the shuffles could read it the other way. The standard error is the square root of p (1 - p) / shuffles, times what the allowance for many tests multiplied the p-value by. The tabs add ""borderline (p 0.048)"" to the verdict; its colour, order and counts stay the verdict's. The z test and the exact test give the same p-value on every run, so they are never borderline."" -- wraps to 7 lines of 85 characters; the row is 88 pt, 91 needed","[[""($1,339,855)\"". A gap its own test doesn't call significant gives the gap and says not significant. In"", ""wraps to 2 lines of 85 characters; the row is 18 pt, 26 needed""], [""100, holding 2,990 tests: 4 grids x 5 rates x 2 comparisons; 4 three-way grids x 5 rates x 2"", ""wraps to 2 lines of 85 characters; the row is 18 pt, 26 needed""], [""A verdict is borderline when the p-value that decides it came from shuffling and sits within 2 of its own standard errors of the 5% bar, either side, so another run of the shuffles could read it the other way. The standard error is the square root of p (1 - p) / shuffles, times what the allowance for many tests multiplied the p-value by. The tabs add \""borderline (p 0.048)\"" to the verdict; its colour, order and counts stay the verdict's. The z test and the exact test give the same p-value on every run, so they are never borderline."", ""wraps to 7 lines of 85 characters; the row is 88 pt, 91 needed""], [""As the gap: how many points of booked dollars a pocket is short of or ahead of its band, and the dollars"", ""wraps to 2 lines of 85 characters; the row is 18 pt, 26 needed""], [""Columns!C3: set Checked every column to Yes once you've checked each column's meaning."", ""wraps to 2 lines of 85 characters; the row is 18 pt, 26 needed""], [""Control!C15: \""How much worse than its comparison a pocket must be\"" needs an answer. Pick one, or enter"", ""wraps to 2 lines of 85 characters; the row is 18 pt, 26 needed""], [""Control!C16: \""How much better than its comparison a pocket must be\"" needs an answer. Pick one, or enter"", ""wraps to 2 lines of 85 characters; the row is 18 pt, 26 needed""], [""Control!C17: \""How far profit must move before it counts as more or less\"" needs an answer. Pick one, or"", ""wraps to 2 lines of 85 characters; the row is 18 pt, 26 needed""], [""Control!C18: \""How sure a difference must be before it counts\"" needs an answer. Pick one, or enter your"", ""wraps to 2 lines of 85 characters; the row is 18 pt, 26 needed""], [""Control!C19: \""Smallest excess loss worth reporting\"" needs an answer. Pick one, or enter your own in"", ""wraps to 2 lines of 85 characters; the row is 18 pt, 26 needed""], [""Control!C20: \""What a pocket is judged against\"" needs an answer. Pick one from the list."", ""wraps to 2 lines of 85 characters; the row is 18 pt, 26 needed""], [""Control!C24: \""Fewest loans in a pocket for the usual test (smaller ones get the exact test)\"" needs an"", ""wraps to 2 lines of 85 characters; the row is 18 pt, 26 needed""]]"
flag,Record,G,3614,DIFFERS,278,wrapped prose,"Record!G11 [view-00]: ""Each band holds about the same number of loans"" -- wraps to 2 lines of 41 characters; the row is 18 pt, 26 needed","[[""Each band holds about the same number of loans"", ""wraps to 2 lines of 41 characters; the row is 18 pt, 26 needed""]]"
flag,Split,B,8528,DIFFERS,278,prose,"Split!B25 [view-00]: ""Do the values of SYS_FLAG differ at all? Bad loans: yes (p-value under 0.0001, on 2 degrees of freedom, 18 pockets); Bad dollars, Charge-offs, Kept after losses, Earned before losses: not tested: dollar rate."" -- 208 characters x 1 + 3 = 211.0 in 192","[[""Do the values of SYS_FLAG differ at all? Bad loans: yes (p-value under 0.0001, on 2 degrees of freedom, 15 pockets); Bad dollars, Charge-offs, Kept after losses, Earned before losses: not tested: dollar rate."", ""208 characters x 1 + 3 = 211.0 in 192""], [""Do the values of SYS_FLAG differ at all? Bad loans: yes (p-value under 0.0001, on 2 degrees of freedom, 18 pockets); Bad dollars, Charge-offs, Kept after losses, Earned before losses: not tested: dollar rate."", ""208 characters x 1 + 3 = 211.0 in 192""], [""Do the values of SYS_FLAG differ at all? Bad loans: yes (p-value under 0.0001, on 2 degrees of freedom, 20 pockets); Bad dollars, Charge-offs, Kept after losses, Earned before losses: not tested: dollar rate."", ""208 characters x 1 + 3 = 211.0 in 192""], [""Do the values of SYS_FLAG differ at all? Bad loans: yes (p-value under 0.0001, on 2 degrees of freedom, 24 pockets); Bad dollars, Charge-offs, Kept after losses, Earned before losses: not tested: dollar rate."", ""208 characters x 1 + 3 = 211.0 in 192""]]"
flag,Split,C,5806,DIFFERS,278,wrapped prose,"Split!C8 [view-00]: ""The chance of a gap at least this big if the value were no different from the rest. Under 5% counts, and is bold. Bad loans: the gap in standard errors; a dollar measure: the loans dealt at random inside their pocket, 10,000 times. The allowance for many tests (Benjamini-Hochberg) covers every value and pocket of one grid and measure, and the summary's p-values across the values; a gap that is not significant is in brackets, unshaded. A blank: the value or the rest has fewer loans or losses than the minimums (65 loans, 10 losses). Borderline: the test's p-value is within the shuffle's own margin of the 5% bar, so another run could read it the other way."" -- wraps to 5 lines of 167 characters; the row is 59 pt, 65 needed","[[""The chance of a gap at least this big if the value were no different from the rest. Under 5% counts, and is bold. Bad loans: the gap in standard errors; a dollar measure: the loans dealt at random inside their pocket, 10,000 times. The allowance for many tests (Benjamini-Hochberg) covers every value and pocket of one grid and measure, and the summary's p-values across the values; a gap that is not significant is in brackets, unshaded. A blank: the value or the rest has fewer loans or losses than the minimums (65 loans, 10 losses). Borderline: the test's p-value is within the shuffle's own margin of the 5% bar, so another run could read it the other way."", ""wraps to 5 lines of 167 characters; the row is 59 pt, 65 needed""]]"
flag,Split,D,3582,TIED,0,,,[]
flag,Split,E,3272,TIED,0,,,[]
flag,Split,F,2304,TIED,0,,,[]
flag,Split,G,1914,TIED,0,,,[]
flag,Split,H,2628,TIED,0,,,[]
flag,Split,I,2130,TIED,0,,,[]
flag,Split,J,1358,DIFFERS,12,label,"Split!J33 [view-17]: ""borderline (p 0.052)"" -- 20 characters x 1 + 2 = 22.0 in 13","[[""borderline (p 0.041)"", ""20 characters x 1 + 2 = 22.0 in 13""], [""borderline (p 0.044)"", ""20 characters x 1 + 2 = 22.0 in 13""], [""borderline (p 0.052)"", ""20 characters x 1 + 2 = 22.0 in 13""]]"
flag,Split,K,1358,DIFFERS,8,label,"Split!K34 [view-06]: ""borderline (p 0.046)"" -- 20 characters x 1 + 2 = 22.0 in 13","[[""borderline (p 0.046)"", ""20 characters x 1 + 2 = 22.0 in 13""], [""borderline (p 0.054)"", ""20 characters x 1 + 2 = 22.0 in 13""]]"
flag,Split,L,390,DIFFERS,6,label,"Split!L32 [view-16]: ""borderline (p 0.051)"" -- 20 characters x 1 + 2 = 22.0 in 13","[[""borderline (p 0.043)"", ""20 characters x 1 + 2 = 22.0 in 13""], [""borderline (p 0.051)"", ""20 characters x 1 + 2 = 22.0 in 13""]]"
flag,Start here,B,6394,TIED,0,,,[]
flag,Start here,C,2502,DIFFERS,278,label,"Start here!C22 [view-00]: ""ASSET_CLASS 4 · borderline (p 0.036)"" -- 36 characters x 1 + 2 = 38.0 in 16","[[""ASSET_CLASS 4 \u00b7 borderline (p 0.036)"", ""36 characters x 1 + 2 = 38.0 in 16""]]"
flag,Start here,D,4170,DIFFERS,278,label,"Start here!D16 [view-00]: ""Dollars above their share, in those"" -- 35 characters x 0.9 + 3 = 34.5 in 30","[[""Dollars above their share, in those"", ""35 characters x 0.9 + 3 = 34.5 in 30""]]"
flag,Start here,E,1390,TIED,0,,,[]
flag,Start here,F,2780,DIFFERS,278,"label, the padding only","Start here!F16 [view-00]: ""Pockets keeping less, worse and material"" -- 40 characters x 0.9 + 3 = 39.0 in 37","[[""Pockets keeping less, worse and material"", ""40 characters x 0.9 + 3 = 39.0 in 37""]]"
flag,Start here,G,556,TIED,0,,,[]
