sic,cik,name,ticker,fiscal_year,tier,revenue,cost_of_revenue,gross_profit,operating_income,net_income,interest_expense,income_tax,dep_amort,capex,assets,assets_current,liabilities_current,cash,inventory,receivables,payables,total_debt,debt_method,ebitda,ebitda_method,notes,debt_to_ebitda,debt_to_assets,ebitda_to_interest,ebitda_less_capex_to_interest,gross_margin,ebitda_margin,operating_margin,net_margin,return_on_assets,current_ratio,quick_ratio,days_sales_outstanding,days_inventory,days_payable,cash_conversion_cycle
5140,900000,US BROADLINE FOODS CORP,USBF,2018,5B+,62000000000.0,50530000000.0,11470000000.0,2542000000.0,1350730598.18,764722897.13,426546504.69,1116000000.0,930000000.0,38440000000.0,17980000000.0,12400000000.0,2480000000.0,6820000000.0,5890000000.0,4650000000.0,13765012148.37,components,3658000000.0,oi+da,,3.762989,0.358091,4.783432,3.567305,0.185,0.059,0.041,0.021786,0.035139,1.45,0.9,34.675,49.263804,33.588957,50.349847
5140,900000,US BROADLINE FOODS CORP,USBF,2019,5B+,65100000000.0,53056500000.0,12043500000.0,2669100000.0,1447326598.18,764722897.13,457050504.69,1171800000.0,976500000.0,40362000000.0,18879000000.0,13020000000.0,2604000000.0,7161000000.0,6184500000.0,4882500000.0,13765012148.37,components,3840900000.0,oi+da,,3.583799,0.341039,5.022604,3.745671,0.185,0.059,0.041,0.022232,0.035859,1.45,0.9,34.675,49.263804,33.588957,50.349847
5140,900000,US BROADLINE FOODS CORP,USBF,2020,5B+,64253700000.0,53317720260.0,10935979740.0,1448920935.0,519990508.78,764722897.13,164207529.09,1156566600.0,963805500.0,39837294000.0,18633573000.0,12850740000.0,2570148000.0,7067907000.0,6104101500.0,4819027500.0,13765012148.37,components,2605487535.0,oi+da,,5.283085,0.345531,3.4071,2.146767,0.1702,0.04055,0.02255,0.008093,0.013053,1.45,0.9,34.675,48.385153,32.989877,50.070276
5140,900000,US BROADLINE FOODS CORP,USBF,2021,5B+,71772750000.0,58494791250.0,13277958750.0,2942682750.0,1655249488.18,764722897.13,522710364.69,1291909500.0,1076591250.0,44499105000.0,20814097500.0,14354550000.0,2870910000.0,7895002500.0,6818411250.0,5382956250.0,13765012148.37,components,4234592250.0,oi+da,,3.250611,0.309332,5.537421,4.129602,0.185,0.059,0.041,0.023062,0.037197,1.45,0.9,34.675,49.263804,33.588957,50.349847
5140,900000,US BROADLINE FOODS CORP,USBF,2022,5B+,75361387500.0,61419530812.5,13941856687.5,3089816887.5,1767071432.68,764722897.13,558022557.69,1356504975.0,1130420812.5,46724060250.0,21854802375.0,15072277500.0,3014455500.0,8289752625.0,7159331812.5,5652104062.5,13765012148.37,components,4446321862.5,oi+da,,3.09582,0.294602,5.814292,4.336082,0.185,0.059,0.041,0.023448,0.037819,1.45,0.9,34.675,49.263804,33.588957,50.349847
5140,900000,US BROADLINE FOODS CORP,USBF,2023,5B+,79129456875.0,64490507353.13,14638949521.870003,3244307731.88,1884484474.41,764722897.13,595100360.34,1424330223.75,1186941853.13,49060263262.5,22947542493.75,15825891375.0,3165178275.0,8704240256.25,7517298403.13,5934709265.63,13765012148.37,components,4668637955.63,oi+da,,2.9484,0.280574,6.105006,4.552886,0.185,0.059,0.041,0.023815,0.038412,1.45,0.9,34.675,49.263804,33.588957,50.349847
5140,900000,US BROADLINE FOODS CORP,USBF,2024,5B+,83085929718.75,67715032720.78,15370896997.970001,3406523118.47,2007768168.22,764722897.13,634032053.12,1495546734.94,1246288945.78,51513276425.63,24094919618.44,16617185943.75,3323437188.75,9139452269.06,7893163323.28,6231444728.91,13765012148.37,components,4902069853.41,oi+da,,2.808,0.267213,6.410256,4.78053,0.185,0.059,0.041,0.024165,0.038976,1.45,0.9,34.675,49.263804,33.588957,50.349847
5140,900001,CONTINENTAL PROVISIONS INC,CPRV,2018,5B+,41000000000.0,33702000000.0,7298000000.0,1558000000.0,788683822.02,520258128.92,249058049.06,738000000.0,615000000.0,25420000000.0,11890000000.0,8200000000.0,1640000000.0,4510000000.0,3895000000.0,3075000000.0,9364646320.5,components,2296000000.0,oi+da,,4.078679,0.368397,4.413194,3.231088,0.178,0.056,0.038,0.019236,0.031026,1.45,0.9,34.675,48.844282,33.30292,50.216363
5140,900001,CONTINENTAL PROVISIONS INC,CPRV,2019,5B+,42845000000.0,35218590000.0,7626410000.0,1628110000.0,841967422.02,520258128.92,265884449.06,771210000.0,642675000.0,26563900000.0,12425050000.0,8569000000.0,1713800000.0,4712950000.0,4070275000.0,3213375000.0,9364646320.5,components,2399320000.0,oi+da,,3.903042,0.352533,4.611788,3.376487,0.178,0.056,0.038,0.019651,0.031696,1.45,0.9,34.675,48.844282,33.30292,50.216363
5140,900001,CONTINENTAL PROVISIONS INC,CPRV,2020,5B+,41638913250.0,34820124816.18,6818788433.82,870253286.92,265996320.09,520258128.92,83998837.92,749500438.5,624583698.75,25816126215.0,12075284842.5,8327782650.0,1665556530.0,4580280457.5,3955696758.75,3122918493.75,9364646320.5,components,1619753725.42,oi+da,,5.781525,0.362744,3.113366,1.912839,0.16376,0.0389,0.0209,0.006388,0.010303,1.45,0.9,34.675,48.012532,32.735817,49.951715
5140,900001,CONTINENTAL PROVISIONS INC,CPRV,2021,5B+,46787811125.0,38459580744.75,8328230380.25,1777936822.75,955835807.31,520258128.92,301842886.52,842180600.25,701817166.87,29008442897.5,13568465226.25,9357562225.0,1871512445.0,5146659223.75,4444842056.87,3509085834.37,9364646320.5,components,2620117423.0,oi+da,,3.574132,0.322825,5.036187,3.687209,0.178,0.056,0.038,0.020429,0.03295,1.45,0.9,34.675,48.844282,33.30292,50.216363
5140,900001,CONTINENTAL PROVISIONS INC,CPRV,2022,5B+,48893262625.62,40190261878.26,8703000747.36,1857943979.77,1016641246.65,520258128.92,321044604.21,880078727.26,733398939.38,30313822827.89,14179046161.43,9778652525.12,1955730505.02,5378258888.82,4644859949.43,3666994696.92,9364646320.5,components,2738022707.03,oi+da,,3.420222,0.308923,5.262816,3.853133,0.178,0.056,0.038,0.020793,0.033537,1.45,0.9,34.675,48.844282,33.30292,50.216363
5140,900001,CONTINENTAL PROVISIONS INC,CPRV,2023,5B+,51093459443.78,41998823662.79,9094635780.989998,1941551458.86,1080182930.76,520258128.92,341110399.19,919682269.99,766401891.66,31677944855.14,14817103238.7,10218691888.76,2043738377.75,5620280538.82,4853878647.16,3832009458.28,9364646320.5,components,2861233728.85,oi+da,,3.27294,0.29562,5.499643,4.026524,0.178,0.056,0.038,0.021141,0.034099,1.45,0.9,34.675,48.844282,33.30292,50.216363
5140,900001,CONTINENTAL PROVISIONS INC,CPRV,2024,5B+,53392665118.75,43888770727.61,9503894391.14,2028921274.51,1146583990.65,520258128.92,362079154.94,961067972.14,800889976.78,33103452373.62,15483872884.44,10678533023.75,2135706604.75,5873193163.06,5072303186.28,4004449883.91,9364646320.5,components,2989989246.65,oi+da,,3.132,0.28289,5.747126,4.207718,0.178,0.056,0.038,0.021475,0.034636,1.45,0.9,34.675,48.844282,33.30292,50.216363
5140,900002,MERIDIAN FOOD DISTRIBUTORS,MFDX,2018,5B+,33000000000.0,26664000000.0,6336000000.0,1452000000.0,785893371.05,417929774.93,248176854.02,594000000.0,495000000.0,20460000000.0,9570000000.0,6600000000.0,1320000000.0,3630000000.0,3135000000.0,2475000000.0,7522735948.73,components,2046000000.0,oi+da,,3.676802,0.36768,4.895559,3.71115,0.192,0.062,0.044,0.023815,0.038411,1.45,0.9,34.675,49.690594,33.87995,50.485644
5140,900002,MERIDIAN FOOD DISTRIBUTORS,MFDX,2019,5B+,34980000000.0,28263840000.0,6716160000.0,1539120000.0,852104571.05,417929774.93,269085654.02,629640000.0,524700000.0,21687600000.0,10144200000.0,6996000000.0,1399200000.0,3847800000.0,3323100000.0,2623500000.0,7522735948.73,components,2168760000.0,oi+da,,3.468681,0.346868,5.189293,3.933819,0.192,0.062,0.044,0.02436,0.03929,1.45,0.9,34.675,49.690594,33.87995,50.485644
5140,900002,MERIDIAN FOOD DISTRIBUTORS,MFDX,2020,5B+,35224860000.0,29002740729.6,6222119270.400002,852441612.0,330228996.17,417929774.93,104282840.9,634047480.0,528372900.0,21839413200.0,10215209400.0,7044972000.0,1408994400.0,3874734600.0,3346361700.0,2641864500.0,7522735948.73,components,1486489092.0,oi+da,,5.060741,0.344457,3.556792,2.292529,0.17664,0.0422,0.0242,0.009375,0.015121,1.45,0.9,34.675,48.763603,33.247911,50.190692
5140,900002,MERIDIAN FOOD DISTRIBUTORS,MFDX,2021,5B+,39303528000.0,31757250624.0,7546277376.0,1729355232.0,996683347.37,417929774.93,314742109.7,707463504.0,589552920.0,24368187360.0,11398023120.0,7860705600.0,1572141120.0,4323388080.0,3733835160.0,2947764600.0,7522735948.73,components,2436818736.0,oi+da,,3.087113,0.308711,5.830689,4.420039,0.192,0.062,0.044,0.025359,0.040901,1.45,0.9,34.675,49.690594,33.87995,50.485644
5140,900002,MERIDIAN FOOD DISTRIBUTORS,MFDX,2022,5B+,41661739680.0,33662685661.44,7999054018.560001,1833116545.92,1075541945.95,417929774.93,339644825.04,749911314.24,624926095.2,25830278601.6,12081904507.2,8332347936.0,1666469587.2,4582791364.8,3957865269.6,3124630476.0,7522735948.73,components,2583027860.16,oi+da,,2.912371,0.291237,6.180531,4.685241,0.192,0.062,0.044,0.025816,0.041639,1.45,0.9,34.675,49.690594,33.87995,50.485644
5140,900002,MERIDIAN FOOD DISTRIBUTORS,MFDX,2023,5B+,44161444060.8,35682446801.13,8478997259.670006,1943103538.68,1159132060.45,417929774.93,366041703.3,794905993.09,662421660.91,27380095317.7,12806818777.63,8832288812.16,1766457762.43,4857758846.69,4195337185.78,3312108304.56,7522735948.73,components,2738009531.77,oi+da,,2.74752,0.274752,6.551363,4.966356,0.192,0.062,0.044,0.026248,0.042335,1.45,0.9,34.675,49.690594,33.87995,50.485644
5140,900002,MERIDIAN FOOD DISTRIBUTORS,MFDX,2024,5B+,46811130704.45,37823393609.19,8987737095.259995,2059689751.0,1247737581.81,417929774.93,394022394.26,842600352.68,702166960.57,29022901036.76,13575227904.29,9362226140.89,1872445228.18,5149224377.49,4447057416.92,3510834802.83,7522735948.73,components,2902290103.68,oi+da,,2.592,0.2592,6.944444,5.264337,0.192,0.062,0.044,0.026655,0.042991,1.45,0.9,34.675,49.690594,33.87995,50.485644
5140,900003,GREATLAKES GROCERY SUPPLY,GLGS,2018,5B+,28000000000.0,23100000000.0,4900000000.0,1008000000.0,495635369.36,355848198.21,156516432.43,504000000.0,420000000.0,17360000000.0,8120000000.0,5600000000.0,1120000000.0,3080000000.0,2660000000.0,2100000000.0,6405267567.77,components,1512000000.0,oi+da,,4.236288,0.368967,4.249003,3.068724,0.175,0.054,0.036,0.017701,0.02855,1.45,0.9,34.675,48.666667,33.181818,50.159848
5140,900003,GREATLAKES GROCERY SUPPLY,GLGS,2019,5B+,29120000000.0,24024000000.0,5096000000.0,1048320000.0,526278569.36,355848198.21,166193232.43,524160000.0,436800000.0,18054400000.0,8444800000.0,5824000000.0,1164800000.0,3203200000.0,2766400000.0,2184000000.0,6405267567.77,components,1572480000.0,oi+da,,4.073354,0.354776,4.418963,3.191473,0.175,0.054,0.036,0.018073,0.02915,1.45,0.9,34.675,48.666667,33.181818,50.159848
5140,900003,GREATLAKES GROCERY SUPPLY,GLGS,2020,5B+,27862016000.0,23376231424.0,4485784576.0,551667916.8,148822986.13,355848198.21,46996732.46,501516288.0,417930240.0,17274449920.0,8079984640.0,5572403200.0,1114480640.0,3064821760.0,2646891520.0,2089651200.0,6405267567.77,components,1053184204.8,oi+da,,6.081811,0.370794,2.959645,1.785182,0.161,0.0378,0.0198,0.005341,0.008615,1.45,0.9,34.675,47.854589,32.628129,49.90146
5140,900003,GREATLAKES GROCERY SUPPLY,GLGS,2021,5B+,31496192000.0,25984358400.0,5511833600.0,1133862912.0,591291182.48,355848198.21,186723531.31,566931456.0,472442880.0,19527639040.0,9133895680.0,6299238400.0,1259847680.0,3464581120.0,2992138240.0,2362214400.0,6405267567.77,components,1700794368.0,oi+da,,3.766045,0.32801,4.77955,3.451897,0.175,0.054,0.036,0.018773,0.03028,1.45,0.9,34.675,48.666667,33.181818,50.159848
5140,900003,GREATLAKES GROCERY SUPPLY,GLGS,2022,5B+,32756039680.0,27023732736.0,5732306944.0,1179217428.48,625760615.01,355848198.21,197608615.26,589608714.24,491340595.2,20308744601.6,9499251507.2,6551207936.0,1310241587.2,3603164364.8,3111823769.6,2456702976.0,6405267567.77,components,1768826142.72,oi+da,,3.621197,0.315395,4.970732,3.589973,0.175,0.054,0.036,0.019104,0.030812,1.45,0.9,34.675,48.666667,33.181818,50.159848
5140,900003,GREATLAKES GROCERY SUPPLY,GLGS,2023,5B+,34066281267.2,28104682045.44,5961599221.760002,1226386125.62,661608824.83,355848198.21,208929102.58,613193062.81,510994219.01,21121094385.66,9879221567.49,6813256253.44,1362651250.69,3747290939.39,3236296720.38,2554971095.04,6405267567.77,components,1839579188.43,oi+da,,3.48192,0.303264,5.169562,3.733572,0.175,0.054,0.036,0.019421,0.031325,1.45,0.9,34.675,48.666667,33.181818,50.159848
5140,900003,GREATLAKES GROCERY SUPPLY,GLGS,2024,5B+,35428932517.89,29228869327.26,6200063190.630001,1275441570.64,698890963.05,355848198.21,220702409.38,637720785.32,531433987.77,21965938161.09,10274390430.19,7085786503.58,1417157300.72,3897182576.97,3365748589.2,2657169938.84,6405267567.77,components,1913162355.96,oi+da,,3.348,0.2916,5.376344,3.882915,0.175,0.054,0.036,0.019727,0.031817,1.45,0.9,34.675,48.666667,33.181818,50.159848
5140,900004,PACIFIC PANTRY HOLDINGS,PPNT,2018,5B+,22000000000.0,17864000000.0,4136000000.0,946000000.0,491137884.41,299765941.56,155096174.03,396000000.0,330000000.0,13640000000.0,6380000000.0,4400000000.0,880000000.0,2420000000.0,2090000000.0,1650000000.0,5395786948.1,components,1342000000.0,oi+da,,4.020706,0.395586,4.476826,3.375967,0.188,0.061,0.043,0.022324,0.036007,1.45,0.9,34.675,49.445813,33.713054,50.407759
5140,900004,PACIFIC PANTRY HOLDINGS,PPNT,2019,5B+,23210000000.0,18846520000.0,4363480000.0,998030000.0,530680684.41,299765941.56,167583374.03,417780000.0,348150000.0,14390200000.0,6730900000.0,4642000000.0,928400000.0,2553100000.0,2204950000.0,1740750000.0,5395786948.1,components,1415810000.0,oi+da,,3.811095,0.374963,4.723052,3.561645,0.188,0.061,0.043,0.022864,0.036878,1.45,0.9,34.675,49.445813,33.713054,50.407759
5140,900004,PACIFIC PANTRY HOLDINGS,PPNT,2020,5B+,23017357000.0,19036274933.28,3981082066.720001,544360493.05,185891859.13,299765941.56,58702692.36,414312426.0,345260355.0,14270761340.0,6675033530.0,4603471400.0,920694280.0,2531909270.0,2186648915.0,1726301775.0,5395786948.1,components,958672919.05,oi+da,,5.628392,0.378101,3.198072,2.046305,0.17296,0.04165,0.02365,0.008076,0.013026,1.45,0.9,34.675,48.546624,33.099971,50.121653
5140,900004,PACIFIC PANTRY HOLDINGS,PPNT,2021,5B+,25833310250.0,20976647923.0,4856662327.0,1110832340.75,616410463.38,299765941.56,194655935.81,464999584.5,387499653.75,16016652355.0,7491659972.5,5166662050.0,1033332410.0,2841664127.5,2454164473.75,1937498268.75,5395786948.1,components,1575831925.25,oi+da,,3.424088,0.336886,5.256874,3.9642,0.188,0.061,0.043,0.023861,0.038486,1.45,0.9,34.675,49.445813,33.713054,50.407759
5140,900004,PACIFIC PANTRY HOLDINGS,PPNT,2022,5B+,27254142313.75,22130363558.76,5123778754.990002,1171928119.49,662843255.23,299765941.56,209318922.7,490574561.65,408812134.71,16897568234.52,7903701270.99,5450828462.75,1090165692.55,2997955654.51,2589143519.81,2044060673.53,5395786948.1,components,1662502681.14,oi+da,,3.245581,0.319323,5.546003,4.182231,0.188,0.061,0.043,0.024321,0.039227,1.45,0.9,34.675,49.445813,33.713054,50.407759
5140,900004,PACIFIC PANTRY HOLDINGS,PPNT,2023,5B+,28753120141.01,23347533554.5,5405586586.509998,1236384166.06,711829850.62,299765941.56,224788373.88,517556162.54,431296802.12,17826934487.42,8338404840.89,5750624028.2,1150124805.64,3162843215.51,2731546413.4,2156484010.58,5395786948.1,components,1753940328.6,oi+da,,3.07638,0.302676,5.851033,4.412254,0.188,0.061,0.043,0.024757,0.03993,1.45,0.9,34.675,49.445813,33.713054,50.407759
5140,900004,PACIFIC PANTRY HOLDINGS,PPNT,2024,5B+,30334541748.76,24631647899.99,5702893848.769997,1304385295.2,763510708.76,299765941.56,241108644.87,546021751.48,455018126.23,18807415884.23,8797017107.14,6066908349.75,1213381669.95,3336799592.36,2881781466.13,2275090631.16,5395786948.1,components,1850407046.68,oi+da,,2.916,0.286897,6.17284,4.654928,0.188,0.061,0.043,0.02517,0.040596,1.45,0.9,34.675,49.445813,33.713054,50.407759
5140,900005,ATLANTIC PROVISION CO,ATPV,2018,5B+,18000000000.0,14742000000.0,3258000000.0,720000000.0,368568038.5,235042054.6,116389906.9,324000000.0,270000000.0,11160000000.0,5220000000.0,3600000000.0,720000000.0,1980000000.0,1710000000.0,1350000000.0,4230756982.81,components,1044000000.0,oi+da,,4.052449,0.3791,4.441758,3.293028,0.181,0.058,0.04,0.020476,0.033026,1.45,0.9,34.675,49.023199,33.424908,50.273291
5140,900005,ATLANTIC PROVISION CO,ATPV,2019,5B+,18900000000.0,15479100000.0,3420900000.0,756000000.0,395928038.5,235042054.6,125029906.9,340200000.0,283500000.0,11718000000.0,5481000000.0,3780000000.0,756000000.0,2079000000.0,1795500000.0,1417500000.0,4230756982.81,components,1096200000.0,oi+da,,3.859475,0.361048,4.663846,3.457679,0.181,0.058,0.04,0.020949,0.033788,1.45,0.9,34.675,49.023199,33.424908,50.273291
5140,900005,ATLANTIC PROVISION CO,ATPV,2020,5B+,18455850000.0,15382581858.0,3073268142.0,406028700.0,129949850.5,235042054.6,41036794.9,332205300.0,276837750.0,11442627000.0,5352196500.0,3691170000.0,738234000.0,2030143500.0,1753305750.0,1384188750.0,4230756982.81,components,738234000.0,oi+da,,5.730916,0.369737,3.140859,1.963037,0.16652,0.04,0.022,0.007041,0.011357,1.45,0.9,34.675,48.171522,32.844219,50.002302
5140,900005,ATLANTIC PROVISION CO,ATPV,2021,5B+,20837250000.0,17065707750.0,3771542250.0,833490000.0,454820438.5,235042054.6,143627506.9,375070500.0,312558750.0,12919095000.0,6042802500.0,4167450000.0,833490000.0,2292097500.0,1979538750.0,1562793750.0,4230756982.81,components,1208560500.0,oi+da,,3.500658,0.327481,5.14189,3.812091,0.181,0.058,0.04,0.021827,0.035205,1.45,0.9,34.675,49.023199,33.424908,50.273291
5140,900005,ATLANTIC PROVISION CO,ATPV,2022,5B+,21879112500.0,17918993137.5,3960119362.5,875164500.0,486493058.5,235042054.6,153629386.9,393824025.0,328186687.5,13565049750.0,6344942625.0,4375822500.0,875164500.0,2406702375.0,2078515687.5,1640933437.5,4230756982.81,components,1268988525.0,oi+da,,3.33396,0.311887,5.398985,4.002696,0.181,0.058,0.04,0.022236,0.035864,1.45,0.9,34.675,49.023199,33.424908,50.273291
5140,900005,ATLANTIC PROVISION CO,ATPV,2023,5B+,22973068125.0,18814942794.38,4158125330.619999,918922725.0,519749309.5,235042054.6,164131360.9,413515226.25,344596021.88,14243302237.5,6662189756.25,4594613625.0,918922725.0,2527037493.75,2182441471.88,1722980109.38,4230756982.81,components,1332437951.25,oi+da,,3.1752,0.297035,5.668934,4.202831,0.181,0.058,0.04,0.022624,0.036491,1.45,0.9,34.675,49.023199,33.424908,50.273291
5140,900005,ATLANTIC PROVISION CO,ATPV,2024,5B+,24121721531.25,19755689934.09,4366031597.16,964868861.25,554668373.05,235042054.6,175158433.6,434190987.56,361825822.97,14955467349.38,6995299244.06,4824344306.25,964868861.25,2653389368.44,2291563545.47,1809129114.84,4230756982.81,components,1399059848.81,oi+da,,3.024,0.28289,5.952381,4.412972,0.181,0.058,0.04,0.022995,0.037088,1.45,0.9,34.675,49.023199,33.424908,50.273291
5140,900006,HEARTLAND FOODSERVICE,HLFS,2018,5B+,14000000000.0,11620000000.0,2380000000.0,476000000.0,227095767.38,177189779.76,71714452.86,252000000.0,210000000.0,8680000000.0,4060000000.0,2800000000.0,560000000.0,1540000000.0,1330000000.0,1050000000.0,3189416035.69,components,728000000.0,oi+da,,4.381066,0.367444,4.108589,2.923419,0.17,0.052,0.034,0.016221,0.026163,1.45,0.9,34.675,48.373494,32.981928,50.066566
5140,900006,HEARTLAND FOODSERVICE,HLFS,2019,5B+,14490000000.0,12026700000.0,2463300000.0,492660000.0,239757367.38,177189779.76,75712852.86,260820000.0,217350000.0,8983800000.0,4202100000.0,2898000000.0,579600000.0,1593900000.0,1376550000.0,1086750000.0,3189416035.69,components,753480000.0,oi+da,,4.232914,0.355019,4.25239,3.025739,0.17,0.052,0.034,0.016546,0.026688,1.45,0.9,34.675,48.373494,32.981928,50.066566
5140,900006,HEARTLAND FOODSERVICE,HLFS,2020,5B+,13647406500.0,11512952123.4,2134454376.6,255206501.55,59292708.56,177189779.76,18724013.23,245653317.0,204711097.5,8461392030.0,3957747885.0,2729481300.0,545896260.0,1501214715.0,1296503617.5,1023555487.5,3189416035.69,components,500859818.55,oi+da,,6.367882,0.376938,2.826686,1.671365,0.1564,0.0367,0.0187,0.004345,0.007007,1.45,0.9,34.675,47.593646,32.450213,49.818433
5140,900006,HEARTLAND FOODSERVICE,HLFS,2021,5B+,15522050250.0,12883301707.5,2638748542.5,527749708.5,266425545.84,177189779.76,84134382.9,279396904.5,232830753.75,9623671155.0,4501394572.5,3104410050.0,620882010.0,1707425527.5,1474594773.75,1164153768.75,3189416035.69,components,807146613.0,oi+da,,3.951471,0.331414,4.555266,3.241247,0.17,0.052,0.034,0.017164,0.027684,1.45,0.9,34.675,48.373494,32.981928,50.066566
5140,900006,HEARTLAND FOODSERVICE,HLFS,2022,5B+,16065322008.75,13334217267.26,2731104741.49,546220948.3,280463688.09,177189779.76,88567480.45,289175796.16,240979830.13,9960499645.42,4658943382.54,3213064401.75,642612880.35,1767185420.96,1526205590.83,1204899150.66,3189416035.69,components,835396744.46,oi+da,,3.817846,0.320206,4.714701,3.354691,0.17,0.052,0.034,0.017458,0.028158,1.45,0.9,34.675,48.373494,32.981928,50.066566
5140,900006,HEARTLAND FOODSERVICE,HLFS,2023,5B+,16627608279.06,13800914871.62,2826693407.439999,565338681.49,294993165.31,177189779.76,93155736.41,299296949.02,249414124.19,10309117133.01,4822006400.93,3325521655.81,665104331.16,1829036910.7,1579622786.51,1247070620.93,3189416035.69,components,864635630.51,oi+da,,3.68874,0.309378,4.879715,3.472105,0.17,0.052,0.034,0.017741,0.028615,1.45,0.9,34.675,48.373494,32.981928,50.066566
5140,900006,HEARTLAND FOODSERVICE,HLFS,2024,5B+,17209574568.82,14283946892.12,2925627676.699999,585125535.34,310031174.24,177189779.76,97904581.34,309772342.24,258143618.53,10669936232.67,4990776624.96,3441914913.76,688382982.75,1893053202.57,1634909584.04,1290718092.66,3189416035.69,components,894897877.58,oi+da,,3.564,0.298916,5.050505,3.593629,0.17,0.052,0.034,0.018015,0.029057,1.45,0.9,34.675,48.373494,32.981928,50.066566
5140,900007,SUMMIT WHOLESALE FOODS,SMWF,2018,5B+,11000000000.0,8855000000.0,2145000000.0,506000000.0,279822903.72,137811968.79,88365127.49,198000000.0,165000000.0,6820000000.0,3190000000.0,2200000000.0,440000000.0,1210000000.0,1045000000.0,825000000.0,2480615438.29,components,704000000.0,oi+da,,3.523601,0.363727,5.10841,3.911126,0.195,0.064,0.046,0.025438,0.04103,1.45,0.9,34.675,49.875776,34.006211,50.544565
5140,900007,SUMMIT WHOLESALE FOODS,SMWF,2019,5B+,11660000000.0,9386300000.0,2273700000.0,536360000.0,302896503.72,137811968.79,95651527.49,209880000.0,174900000.0,7229200000.0,3381400000.0,2332000000.0,466400000.0,1282600000.0,1107700000.0,874500000.0,2480615438.29,components,746240000.0,oi+da,,3.324152,0.343138,5.414914,4.145794,0.195,0.064,0.046,0.025977,0.041899,1.45,0.9,34.675,49.875776,34.006211,50.544565
5140,900007,SUMMIT WHOLESALE FOODS,SMWF,2020,5B+,11741620000.0,9635173372.0,2106446628.0,297062986.0,121030773.08,137811968.79,38220244.13,211349160.0,176124300.0,7279804400.0,3405069800.0,2348324000.0,469664800.0,1291578200.0,1115453900.0,880621500.0,2480615438.29,components,508412146.0,oi+da,,4.879143,0.340753,3.689173,2.411168,0.1794,0.0433,0.0253,0.010308,0.016626,1.45,0.9,34.675,48.927614,33.359737,50.242877
5140,900007,SUMMIT WHOLESALE FOODS,SMWF,2021,5B+,13101176000.0,10546446680.0,2554729320.0,602654096.0,353280016.68,137811968.79,111562110.53,235821168.0,196517640.0,8122729120.0,3799341040.0,2620235200.0,524047040.0,1441129360.0,1244611720.0,982588200.0,2480615438.29,components,838475264.0,oi+da,,2.958484,0.305392,6.084198,4.658214,0.195,0.064,0.046,0.026966,0.043493,1.45,0.9,34.675,49.875776,34.006211,50.544565
5140,900007,SUMMIT WHOLESALE FOODS,SMWF,2022,5B+,13887246560.0,11179233480.8,2708013079.200001,638813341.76,380761043.45,137811968.79,120240329.51,249970438.08,208308698.4,8610092867.2,4027301502.4,2777449312.0,555489862.4,1527597121.6,1319288423.2,1041543492.0,2480615438.29,components,888783779.84,oi+da,,2.791022,0.288106,6.44925,4.937707,0.195,0.064,0.046,0.027418,0.044223,1.45,0.9,34.675,49.875776,34.006211,50.544565
5140,900007,SUMMIT WHOLESALE FOODS,SMWF,2023,5B+,14720481353.6,11849987489.65,2870493863.950001,677142142.27,409890931.84,137811968.79,129439241.63,264968664.36,220807220.3,9126698439.23,4268939592.54,2944096270.72,588819254.14,1619252948.9,1398445728.59,1104036101.52,2480615438.29,components,942110806.63,oi+da,,2.63304,0.271798,6.836205,5.233969,0.195,0.064,0.046,0.027845,0.044911,1.45,0.9,34.675,49.875776,34.006211,50.544565
5140,900007,SUMMIT WHOLESALE FOODS,SMWF,2024,5B+,15603710234.82,12560986739.03,3042723495.789999,717770670.8,440768613.53,137811968.79,139190088.48,280866784.23,234055653.52,9674300345.59,4525075968.1,3120742046.96,624148409.39,1716408125.83,1482352472.31,1170278267.61,2480615438.29,components,998637455.03,oi+da,,2.484,0.256413,7.246377,5.548007,0.195,0.064,0.046,0.028248,0.045561,1.45,0.9,34.675,49.875776,34.006211,50.544565
5140,900008,KEYSTONE DISTRIBUTION GROUP,KSDG,2018,5B+,9200000000.0,7553200000.0,1646800000.0,358800000.0,182380615.1,118825506.45,57593878.45,165600000.0,138000000.0,5704000000.0,2668000000.0,1840000000.0,368000000.0,1012000000.0,874000000.0,690000000.0,2138859116.06,components,524400000.0,oi+da,,4.078679,0.374975,4.413194,3.251827,0.179,0.057,0.039,0.019824,0.031974,1.45,0.9,34.675,48.903776,33.343484,50.235292
5140,900008,KEYSTONE DISTRIBUTION GROUP,KSDG,2019,5B+,9614000000.0,7893094000.0,1720906000.0,374946000.0,194651575.1,118825506.45,61468918.45,173052000.0,144210000.0,5960680000.0,2788060000.0,1922800000.0,384560000.0,1057540000.0,913330000.0,721050000.0,2138859116.06,components,547998000.0,oi+da,,3.903042,0.358828,4.611788,3.398159,0.179,0.057,0.039,0.020247,0.032656,1.45,0.9,34.675,48.903776,33.343484,50.235292
5140,900008,KEYSTONE DISTRIBUTION GROUP,KSDG,2020,5B+,9343365900.0,7804700403.59,1538665496.41,200415198.55,62008166.0,118825506.45,19581526.11,168180586.2,140150488.5,5792886858.0,2709576111.0,1868673180.0,373734636.0,1027770249.0,887619760.5,700752442.5,2138859116.06,components,368595784.75,oi+da,,5.802723,0.369222,3.101992,1.922527,0.16468,0.03945,0.02145,0.006637,0.010704,1.45,0.9,34.675,48.065412,32.771872,49.96854
5140,900008,KEYSTONE DISTRIBUTION GROUP,KSDG,2021,5B+,10498728350.0,8619455975.35,1879272374.65,409450405.65,220874923.39,118825506.45,69749975.81,188977110.3,157480925.25,6509211577.0,3044631221.5,2099745670.0,419949134.0,1154860118.5,997379193.25,787404626.25,2138859116.06,components,598427515.95,oi+da,,3.574132,0.32859,5.036187,3.710875,0.179,0.057,0.039,0.021038,0.033933,1.45,0.9,34.675,48.903776,33.343484,50.235292
5140,900008,KEYSTONE DISTRIBUTION GROUP,KSDG,2022,5B+,10971171125.75,9007331494.24,1963839631.51,427875673.9,234878127.27,118825506.45,74172040.19,197481080.26,164567566.89,6802126097.96,3181639626.47,2194234225.15,438846845.03,1206828823.83,1042261256.95,822837834.43,2138859116.06,components,625356754.16,oi+da,,3.420222,0.31444,5.262816,3.877864,0.179,0.057,0.039,0.021409,0.03453,1.45,0.9,34.675,48.903776,33.343484,50.235292
5140,900008,KEYSTONE DISTRIBUTION GROUP,KSDG,2023,5B+,11464873826.41,9412661411.48,2052212414.93,447130079.23,249511475.31,118825506.45,78793097.47,206367728.88,171973107.4,7108221772.37,3324813409.66,2292974765.28,458594953.06,1261136120.9,1089163013.51,859865536.98,2138859116.06,components,653497808.11,oi+da,,3.27294,0.300899,5.499643,4.052368,0.179,0.057,0.039,0.021763,0.035102,1.45,0.9,34.675,48.903776,33.343484,50.235292
5140,900008,KEYSTONE DISTRIBUTION GROUP,KSDG,2024,5B+,11980793148.6,9836231175.0,2144561973.6,467250932.8,264803324.02,118825506.45,83622102.32,215654276.67,179711897.23,7428091752.13,3474430013.09,2396158629.72,479231725.94,1317887246.35,1138175349.12,898559486.14,2138859116.06,components,682905209.47,oi+da,,3.132,0.287942,5.747126,4.234725,0.179,0.057,0.039,0.022102,0.035649,1.45,0.9,34.675,48.903776,33.343484,50.235292
5140,900009,NORTHSTAR FOOD PARTNERS,NSFP,2018,5B+,7400000000.0,6038400000.0,1361600000.0,303400000.0,158548241.64,94783892.58,50067865.78,133200000.0,111000000.0,4588000000.0,2146000000.0,1480000000.0,296000000.0,814000000.0,703000000.0,555000000.0,1706110066.53,components,436600000.0,oi+da,,3.907719,0.371864,4.606268,3.435183,0.184,0.059,0.041,0.021425,0.034557,1.45,0.9,34.675,49.203431,33.547794,50.330637
5140,900009,NORTHSTAR FOOD PARTNERS,NSFP,2019,5B+,7770000000.0,6340320000.0,1429680000.0,318570000.0,170077441.64,94783892.58,53708665.78,139860000.0,116550000.0,4817400000.0,2253300000.0,1554000000.0,310800000.0,854700000.0,738150000.0,582750000.0,1706110066.53,components,458430000.0,oi+da,,3.721637,0.354156,4.836581,3.606942,0.184,0.059,0.041,0.021889,0.035305,1.45,0.9,34.675,49.203431,33.547794,50.330637
5140,900009,NORTHSTAR FOOD PARTNERS,NSFP,2020,5B+,7668990000.0,6370783372.8,1298206627.2,172935724.5,59395392.26,94783892.58,18756439.66,138041820.0,115034850.0,4754773800.0,2224007100.0,1533798000.0,306759600.0,843588900.0,728554050.0,575174250.0,1706110066.53,components,310977544.5,oi+da,,5.486281,0.35882,3.280911,2.067257,0.16928,0.04055,0.02255,0.007745,0.012492,1.45,0.9,34.675,48.331568,32.953342,50.053226
5140,900009,NORTHSTAR FOOD PARTNERS,NSFP,2021,5B+,8566425000.0,6990202800.0,1576222200.0,351223425.0,194894044.64,94783892.58,61545487.78,154195650.0,128496375.0,5311183500.0,2484263250.0,1713285000.0,342657000.0,942306750.0,813810375.0,642481875.0,1706110066.53,components,505419075.0,oi+da,,3.375635,0.32123,5.332331,3.976654,0.184,0.059,0.041,0.022751,0.036695,1.45,0.9,34.675,49.203431,33.547794,50.330637
5140,900009,NORTHSTAR FOOD PARTNERS,NSFP,2022,5B+,8994746250.0,7339712940.0,1655033310.0,368784596.25,208240534.79,94783892.58,65760168.88,161905432.5,134921193.75,5576742675.0,2608476412.5,1798949250.0,359789850.0,989422087.5,854500893.75,674605968.75,1706110066.53,components,530690028.75,oi+da,,3.21489,0.305933,5.598947,4.175486,0.184,0.059,0.041,0.023151,0.037341,1.45,0.9,34.675,49.203431,33.547794,50.330637
5140,900009,NORTHSTAR FOOD PARTNERS,NSFP,2023,5B+,9444483562.5,7706698587.0,1737784975.5,387223826.06,222254349.44,94783892.58,70185584.03,170000704.13,141667253.44,5855579808.75,2738900233.13,1888896712.5,377779342.5,1038893191.88,897225938.44,708336267.19,1706110066.53,components,557224530.19,oi+da,,3.0618,0.291365,5.878895,4.384261,0.184,0.059,0.041,0.023533,0.037956,1.45,0.9,34.675,49.203431,33.547794,50.330637
5140,900009,NORTHSTAR FOOD PARTNERS,NSFP,2024,5B+,9916707740.63,8092033516.35,1824674224.279999,406585017.37,236968854.83,94783892.58,74832269.95,178500739.33,148750616.11,6148358799.19,2875845244.78,1983341548.13,396668309.63,1090837851.47,942087235.36,743753080.55,1706110066.53,components,585085756.7,oi+da,,2.916,0.27749,6.17284,4.603474,0.184,0.059,0.041,0.023896,0.038542,1.45,0.9,34.675,49.203431,33.547794,50.330637
5140,900010,EVERGREEN PROVISIONS,EVGP,2018,5B+,5600000000.0,4614400000.0,985600000.0,207200000.0,104158542.35,70149286.39,32892171.27,100800000.0,84000000.0,3472000000.0,1624000000.0,1120000000.0,224000000.0,616000000.0,532000000.0,420000000.0,1262687154.94,components,308000000.0,oi+da,,4.099634,0.363677,4.390636,3.19319,0.176,0.055,0.037,0.0186,0.03,1.45,0.9,34.675,48.725728,33.222087,50.178641
5140,900010,EVERGREEN PROVISIONS,EVGP,2019,5B+,5824000000.0,4798976000.0,1025024000.0,215488000.0,110457422.35,70149286.39,34881291.27,104832000.0,87360000.0,3610880000.0,1688960000.0,1164800000.0,232960000.0,640640000.0,553280000.0,436800000.0,1262687154.94,components,320320000.0,oi+da,,3.941955,0.34969,4.566262,3.320918,0.176,0.055,0.037,0.018966,0.03059,1.45,0.9,34.675,48.725728,33.222087,50.178641
5140,900010,EVERGREEN PROVISIONS,EVGP,2020,5B+,5572403200.0,4670119673.86,902283526.14,113398405.12,32869330.24,70149286.39,10379788.5,100303257.6,83586048.0,3454889984.0,1615996928.0,1114480640.0,222896128.0,612964352.0,529378304.0,417930240.0,1262687154.94,components,213701662.72,oi+da,,5.908645,0.365478,3.046384,1.854839,0.16192,0.03835,0.02035,0.005899,0.009514,1.45,0.9,34.675,47.907121,32.663946,49.918175
5140,900010,EVERGREEN PROVISIONS,EVGP,2021,5B+,6299238400.0,5190572441.6,1108665958.4,233071820.8,123821126.16,70149286.39,39101408.26,113386291.2,94488576.0,3905527808.0,1826779136.0,1259847680.0,251969536.0,692916224.0,598427648.0,472442880.0,1262687154.94,components,346458112.0,oi+da,,3.644559,0.323308,4.938869,3.591904,0.176,0.055,0.037,0.019657,0.031704,1.45,0.9,34.675,48.725728,33.222087,50.178641
5140,900010,EVERGREEN PROVISIONS,EVGP,2022,5B+,6551207936.0,5398195339.26,1153012596.74,242394693.63,130906509.51,70149286.39,41338897.74,117921742.85,98268119.04,4061748920.32,1899850301.44,1310241587.2,262048317.44,720632872.96,622364753.92,491340595.2,1262687154.94,components,360316436.48,oi+da,,3.504384,0.310873,5.136423,3.735581,0.176,0.055,0.037,0.019982,0.032229,1.45,0.9,34.675,48.725728,33.222087,50.178641
5140,900010,EVERGREEN PROVISIONS,EVGP,2023,5B+,6813256253.44,5614123152.83,1199133100.61,252090481.38,138275308.19,70149286.39,43665886.8,122638612.56,102198843.8,4224218877.13,1975844313.5,1362651250.69,272530250.14,749458187.88,647259344.08,510994219.01,1262687154.94,components,374729093.94,oi+da,,3.3696,0.298916,5.34188,3.885004,0.176,0.055,0.037,0.020295,0.032734,1.45,0.9,34.675,48.725728,33.222087,50.178641
5140,900010,EVERGREEN PROVISIONS,EVGP,2024,5B+,7085786503.58,5838688078.95,1247098424.63,262174100.63,145938858.83,70149286.39,46085955.42,127544157.06,106286797.55,4393187632.22,2054878086.04,1417157300.72,283431460.14,779436515.39,673149717.84,531433987.77,1262687154.94,components,389718257.69,oi+da,,3.24,0.287419,5.555556,4.040404,0.176,0.055,0.037,0.020596,0.033219,1.45,0.9,34.675,48.725728,33.222087,50.178641
5140,900011,REGIONAL LARDER INC,RGLR,2018,5B+,4300000000.0,3560400000.0,739600000.0,150500000.0,67029575.23,62303190.49,21167234.28,77400000.0,64500000.0,2666000000.0,1247000000.0,860000000.0,172000000.0,473000000.0,408500000.0,322500000.0,1121457428.74,components,227900000.0,oi+da,,4.920831,0.420652,3.657919,2.622659,0.172,0.053,0.035,0.015588,0.025142,1.45,0.9,34.675,48.490338,33.061594,50.103744
5140,900011,REGIONAL LARDER INC,RGLR,2019,5B+,4515000000.0,3738420000.0,776580000.0,158025000.0,72748575.23,62303190.49,22973234.28,81270000.0,67725000.0,2799300000.0,1309350000.0,903000000.0,180600000.0,496650000.0,428925000.0,338625000.0,1121457428.74,components,239295000.0,oi+da,,4.686506,0.400621,3.840815,2.753792,0.172,0.053,0.035,0.016113,0.025988,1.45,0.9,34.675,48.490338,33.061594,50.103744
5140,900011,REGIONAL LARDER INC,RGLR,2020,5B+,4314082500.0,3631422085.2,682660414.8,83046088.13,15764602.21,62303190.49,4978295.43,77653485.0,64711237.5,2674731150.0,1251083925.0,862816500.0,172563300.0,474549075.0,409837837.5,323556187.5,1121457428.74,components,160699573.13,oi+da,,6.978596,0.419279,2.579315,1.540665,0.15824,0.03725,0.01925,0.003654,0.005894,1.45,0.9,34.675,47.697681,32.521146,49.851535
5140,900011,REGIONAL LARDER INC,RGLR,2021,5B+,4977787500.0,4121608050.0,856179450.0,174222562.5,85058722.73,62303190.49,26860649.28,89600175.0,74666812.5,3086228250.0,1443558375.0,995557500.0,199111500.0,547556625.0,472889812.5,373334062.5,1121457428.74,components,263822737.5,oi+da,,4.250799,0.363375,4.234498,3.036055,0.172,0.053,0.035,0.017088,0.027561,1.45,0.9,34.675,48.490338,33.061594,50.103744
5140,900011,REGIONAL LARDER INC,RGLR,2022,5B+,5226676875.0,4327688452.5,898988422.5,182933690.63,91679180.11,62303190.49,28951320.03,94080183.75,78400153.13,3240539662.5,1515736293.75,1045335375.0,209067075.0,574934456.25,496534303.13,392000765.63,1121457428.74,components,277013874.38,oi+da,,4.04838,0.346071,4.446223,3.187858,0.172,0.053,0.035,0.017541,0.028291,1.45,0.9,34.675,48.490338,33.061594,50.103744
5140,900011,REGIONAL LARDER INC,RGLR,2023,5B+,5488010718.75,4544072875.13,943937843.62,192080375.16,98630660.35,62303190.49,31146524.32,98784192.94,82320160.78,3402566645.63,1591523108.44,1097602143.75,219520428.75,603681179.06,521361018.28,411600803.91,1121457428.74,components,290864568.1,oi+da,,3.8556,0.329592,4.668534,3.347251,0.172,0.053,0.035,0.017972,0.028987,1.45,0.9,34.675,48.490338,33.061594,50.103744
5140,900011,REGIONAL LARDER INC,RGLR,2024,5B+,5762411254.69,4771276518.88,991134735.809999,201684393.91,105929714.61,62303190.49,33451488.82,103723402.58,86436168.82,3572694977.91,1671099263.86,1152482250.94,230496450.19,633865238.02,547429069.2,432180844.1,1121457428.74,components,305407796.49,oi+da,,3.672,0.313897,4.901961,3.514613,0.172,0.053,0.035,0.018383,0.02965,1.45,0.9,34.675,48.490338,33.061594,50.103744
5140,900012,MIDWEST PANTRY SUPPLY,MWPS,2018,1B-5B,3500000000.0,2912000000.0,588000000.0,115500000.0,49620444.56,50209941.37,15669614.07,63000000.0,52500000.0,2170000000.0,1015000000.0,700000000.0,140000000.0,385000000.0,332500000.0,262500000.0,903778944.73,components,178500000.0,oi+da,,5.063187,0.416488,3.555073,2.509463,0.168,0.051,0.033,0.014177,0.022867,1.45,0.9,34.675,48.257212,32.902644,50.029567
5140,900012,MIDWEST PANTRY SUPPLY,MWPS,2019,1B-5B,3657500000.0,3043040000.0,614460000.0,120697500.0,53570544.56,50209941.37,16917014.07,65835000.0,54862500.0,2267650000.0,1060675000.0,731500000.0,146300000.0,402325000.0,347462500.0,274312500.0,903778944.73,components,186532500.0,oi+da,,4.845155,0.398553,3.715051,2.622389,0.168,0.051,0.033,0.014647,0.023624,1.45,0.9,34.675,48.257212,32.902644,50.029567
5140,900012,MIDWEST PANTRY SUPPLY,MWPS,2020,1B-5B,3439878750.0,2908211090.4,531667659.6,62433799.31,9290132.03,50209941.37,2933725.91,61917817.5,51598181.25,2132724825.0,997564837.5,687975750.0,137595150.0,378386662.5,326788481.25,257990906.25,903778944.73,components,124351616.81,oi+da,,7.267931,0.423767,2.476633,1.448985,0.15456,0.03615,0.01815,0.002701,0.004356,1.45,0.9,34.675,47.490064,32.379589,49.785475
5140,900012,MIDWEST PANTRY SUPPLY,MWPS,2021,1B-5B,3994081437.5,3323075756.0,671005681.5,131804687.44,62012007.01,50209941.37,19582739.06,71893465.87,59911221.56,2476330491.25,1158283616.88,798816287.5,159763257.5,439348958.12,379437736.56,299556107.81,903778944.73,components,203698153.31,oi+da,,4.436854,0.364967,4.056929,2.863714,0.168,0.051,0.033,0.015526,0.025042,1.45,0.9,34.675,48.257212,32.902644,50.029567
5140,900012,MIDWEST PANTRY SUPPLY,MWPS,2022,1B-5B,4173815102.19,3472614165.02,701200937.17,137735898.37,66519727.32,50209941.37,21006229.68,75128671.84,62607226.53,2587765363.36,1210406379.63,834763020.44,166952604.09,459119661.24,396512434.71,313036132.66,903778944.73,components,212864570.21,oi+da,,4.245793,0.349251,4.239491,2.992582,0.168,0.051,0.033,0.015937,0.025705,1.45,0.9,34.675,48.257212,32.902644,50.029567
5140,900012,MIDWEST PANTRY SUPPLY,MWPS,2023,1B-5B,4361636781.79,3628881802.45,732754979.34,143934013.8,71230295.04,50209941.37,22493777.38,78509462.07,65424551.73,2704214804.71,1264874666.72,872327356.36,174465471.27,479780046.0,414355494.27,327122758.63,903778944.73,components,222443475.87,oi+da,,4.06296,0.334211,4.430268,3.127248,0.168,0.051,0.033,0.016331,0.02634,1.45,0.9,34.675,48.257212,32.902644,50.029567
5140,900012,MIDWEST PANTRY SUPPLY,MWPS,2024,1B-5B,4557910436.97,3792181483.56,765728953.41,150411044.42,76152838.32,50209941.37,24048264.73,82042387.87,68368656.55,2825904470.92,1321794026.72,911582087.39,182316417.48,501370148.07,433001491.51,341843282.77,903778944.73,components,232453432.29,oi+da,,3.888,0.319819,4.62963,3.267974,0.168,0.051,0.033,0.016708,0.026948,1.45,0.9,34.675,48.257212,32.902644,50.029567
5140,900013,COASTAL FOODS WHOLESALE,CFWS,2018,1B-5B,2900000000.0,2378000000.0,522000000.0,110200000.0,51187249.66,42848355.71,16164394.63,52200000.0,43500000.0,1798000000.0,841000000.0,580000000.0,116000000.0,319000000.0,275500000.0,217500000.0,771270402.82,components,162400000.0,oi+da,,4.749202,0.42896,3.79011,2.774902,0.18,0.056,0.038,0.017651,0.028469,1.45,0.9,34.675,48.963415,33.384146,50.254268
5140,900013,COASTAL FOODS WHOLESALE,CFWS,2019,1B-5B,3074000000.0,2520680000.0,553320000.0,116812000.0,56212369.66,42848355.71,17751274.63,55332000.0,46110000.0,1905880000.0,891460000.0,614800000.0,122960000.0,338140000.0,292030000.0,230550000.0,771270402.82,components,172144000.0,oi+da,,4.480379,0.404679,4.017517,2.941396,0.18,0.056,0.038,0.018286,0.029494,1.45,0.9,34.675,48.963415,33.384146,50.254268
5140,900013,COASTAL FOODS WHOLESALE,CFWS,2020,1B-5B,2997764800.0,2501334949.12,496429850.88,62653284.32,15051745.74,42848355.71,4753182.87,53959766.4,44966472.0,1858614176.0,869351792.0,599552960.0,119910592.0,329754128.0,284787656.0,224832360.0,771270402.82,components,116613050.72,oi+da,,6.613929,0.414971,2.721529,1.672096,0.1656,0.0389,0.0209,0.005021,0.008098,1.45,0.9,34.675,48.118408,32.808006,49.985403
5140,900013,COASTAL FOODS WHOLESALE,CFWS,2021,1B-5B,3453946400.0,2832236048.0,621710352.0,131249963.2,67185221.69,42848355.71,21216385.8,62171035.2,51809196.0,2141446768.0,1001644456.0,690789280.0,138157856.0,379934104.0,328124908.0,259045980.0,771270402.82,components,193420998.4,oi+da,,3.987522,0.360163,4.514082,3.304953,0.18,0.056,0.038,0.019452,0.031374,1.45,0.9,34.675,48.963415,33.384146,50.254268
5140,900013,COASTAL FOODS WHOLESALE,CFWS,2022,1B-5B,3661183184.0,3002170210.88,659012973.12,139124960.99,73170220.01,42848355.71,23106385.27,65901297.31,54917747.76,2269933574.08,1061743123.36,732236636.8,146447327.36,402730150.24,347812402.48,274588738.8,771270402.82,components,205026258.3,oi+da,,3.761813,0.339777,4.784927,3.50325,0.18,0.056,0.038,0.019985,0.032235,1.45,0.9,34.675,48.963415,33.384146,50.254268
5140,900013,COASTAL FOODS WHOLESALE,CFWS,2023,1B-5B,3880854175.04,3182300423.53,698553751.51,147472458.65,79514318.23,42848355.71,25109784.71,69855375.15,58212812.63,2406129588.52,1125447710.76,776170835.01,155234167.0,426893959.25,368681146.63,291064063.13,771270402.82,components,217327833.8,oi+da,,3.54888,0.320544,5.072023,3.713445,0.18,0.056,0.038,0.020489,0.033047,1.45,0.9,34.675,48.963415,33.384146,50.254268
5140,900013,COASTAL FOODS WHOLESALE,CFWS,2024,1B-5B,4113705425.54,3373238448.94,740466976.6,156320806.17,86239062.35,42848355.71,27233388.11,74046697.66,61705581.38,2550497363.84,1192974573.41,822741085.11,164548217.02,452507596.81,390802015.43,308527906.92,771270402.82,components,230367503.83,oi+da,,3.348,0.3024,5.376344,3.936252,0.18,0.056,0.038,0.020964,0.033813,1.45,0.9,34.675,48.963415,33.384146,50.254268
5140,900014,VALLEY PROVISIONS CORP,VLYP,2018,1B-5B,2300000000.0,1920500000.0,379500000.0,71300000.0,29478020.16,32513131.37,9308848.47,41400000.0,34500000.0,1426000000.0,667000000.0,460000000.0,92000000.0,253000000.0,218500000.0,172500000.0,585236364.69,components,112700000.0,oi+da,,5.192869,0.410404,3.466292,2.405182,0.165,0.049,0.031,0.012817,0.020672,1.45,0.9,34.675,48.083832,32.784431,49.974401
5140,900014,VALLEY PROVISIONS CORP,VLYP,2019,1B-5B,2392000000.0,1997320000.0,394680000.0,74152000.0,31645540.16,32513131.37,9993328.47,43056000.0,35880000.0,1483040000.0,693680000.0,478400000.0,95680000.0,263120000.0,227240000.0,179400000.0,585236364.69,components,117208000.0,oi+da,,4.993144,0.394619,3.604943,2.501389,0.165,0.049,0.031,0.01323,0.021338,1.45,0.9,34.675,48.083832,32.784431,49.974401
5140,900014,VALLEY PROVISIONS CORP,VLYP,2020,1B-5B,2214035200.0,1877944656.64,336090543.36,37749300.16,3979488.28,32513131.37,1256680.51,39852633.6,33210528.0,1372701824.0,642070208.0,442807040.0,88561408.0,243543872.0,210333344.0,166052640.0,585236364.69,components,77601933.76,oi+da,,7.541518,0.426339,2.386787,1.365338,0.1518,0.03505,0.01705,0.001797,0.002899,1.45,0.9,34.675,47.335534,32.274228,49.736306
5140,900014,VALLEY PROVISIONS CORP,VLYP,2021,1B-5B,2587187200.0,2160301312.0,426885888.0,80202803.2,36244150.59,32513131.37,11445521.24,46569369.6,38807808.0,1604056064.0,750284288.0,517437440.0,103487488.0,284590592.0,245782784.0,194039040.0,585236364.69,components,126772172.8,oi+da,,4.616442,0.364848,3.899107,2.705503,0.165,0.049,0.031,0.014009,0.022595,1.45,0.9,34.675,48.083832,32.784431,49.974401
5140,900014,VALLEY PROVISIONS CORP,VLYP,2022,1B-5B,2690674688.0,2246713364.48,443961323.52,83410915.33,38682315.81,32513131.37,12215468.15,48432144.38,40360120.32,1668218306.56,780295659.52,538134937.6,107626987.52,295974215.68,255614095.36,201800601.6,585236364.69,components,131843059.71,oi+da,,4.438886,0.350815,4.055071,2.813723,0.165,0.049,0.031,0.014376,0.023188,1.45,0.9,34.675,48.083832,32.784431,49.974401
5140,900014,VALLEY PROVISIONS CORP,VLYP,2023,1B-5B,2798301675.52,2336581899.06,461719776.46,86747351.94,41218007.63,32513131.37,13016212.94,50369430.16,41974525.13,1734947038.82,811507485.9,559660335.1,111932067.02,307813184.31,265838659.17,209872625.66,585236364.69,components,137116782.1,oi+da,,4.26816,0.337322,4.217274,2.926272,0.165,0.049,0.031,0.01473,0.023758,1.45,0.9,34.675,48.083832,32.784431,49.974401
5140,900014,VALLEY PROVISIONS CORP,VLYP,2024,1B-5B,2910233742.54,2430045175.02,480188567.52,90217246.02,43855127.13,32513131.37,13848987.52,52384207.37,43653506.14,1804344920.38,843967785.34,582046748.51,116409349.7,320125711.68,276472205.54,218267530.69,585236364.69,components,142601453.39,oi+da,,4.104,0.324348,4.385965,3.043323,0.165,0.049,0.031,0.015069,0.024305,1.45,0.9,34.675,48.083832,32.784431,49.974401
5140,900015,PRAIRIE DISTRIBUTORS,PRDB,2018,1B-5B,1900000000.0,1577000000.0,323000000.0,64600000.0,27964728.69,27804304.35,8830966.96,34200000.0,28500000.0,1178000000.0,551000000.0,380000000.0,76000000.0,209000000.0,180500000.0,142500000.0,500477478.33,components,98800000.0,oi+da,,5.065562,0.424854,3.553407,2.528386,0.17,0.052,0.034,0.014718,0.023739,1.45,0.9,34.675,48.373494,32.981928,50.066566
5140,900015,PRAIRIE DISTRIBUTORS,PRDB,2019,1B-5B,1995000000.0,1655850000.0,339150000.0,67830000.0,30419528.69,27804304.35,9606166.96,35910000.0,29925000.0,1236900000.0,578550000.0,399000000.0,79800000.0,219450000.0,189525000.0,149625000.0,500477478.33,components,103740000.0,oi+da,,4.824344,0.404622,3.731077,2.654805,0.17,0.052,0.034,0.015248,0.024593,1.45,0.9,34.675,48.373494,32.981928,50.066566
5140,900015,PRAIRIE DISTRIBUTORS,PRDB,2020,1B-5B,1885275000.0,1590417990.0,294857010.0,35254642.5,5662256.99,27804304.35,1788081.16,33934950.0,28279125.0,1168870500.0,546729750.0,377055000.0,75411000.0,207380250.0,179101125.0,141395625.0,500477478.33,components,69189592.5,oi+da,,7.233421,0.428172,2.488449,1.471372,0.1564,0.0367,0.0187,0.003003,0.004844,1.45,0.9,34.675,47.593646,32.450213,49.818433
5140,900015,PRAIRIE DISTRIBUTORS,PRDB,2021,1B-5B,2199487500.0,1825574625.0,373912875.0,74782575.0,35703485.69,27804304.35,11274784.96,39590775.0,32992312.5,1363682250.0,637851375.0,439897500.0,87979500.0,241943625.0,208951312.5,164961562.5,500477478.33,components,114373350.0,oi+da,,4.375822,0.367004,4.113512,2.926922,0.17,0.052,0.034,0.016233,0.026182,1.45,0.9,34.675,48.373494,32.981928,50.066566
5140,900015,PRAIRIE DISTRIBUTORS,PRDB,2022,1B-5B,2309461875.0,1916853356.25,392608518.75,78521703.75,38545223.54,27804304.35,12172175.86,41570313.75,34641928.13,1431866362.5,669743943.75,461892375.0,92378475.0,254040806.25,219398878.13,173209640.63,500477478.33,components,120092017.5,oi+da,,4.16745,0.349528,4.319188,3.073268,0.17,0.052,0.034,0.01669,0.02692,1.45,0.9,34.675,48.373494,32.981928,50.066566
5140,900015,PRAIRIE DISTRIBUTORS,PRDB,2023,1B-5B,2424934968.75,2012696024.06,412238944.69,82447788.94,41529048.29,27804304.35,13114436.3,43648829.44,36374024.53,1503459680.63,703231140.94,484986993.75,96997398.75,266742846.56,230368822.03,181870122.66,500477478.33,components,126096618.38,oi+da,,3.969,0.332884,4.535147,3.226932,0.17,0.052,0.034,0.017126,0.027622,1.45,0.9,34.675,48.373494,32.981928,50.066566
5140,900015,PRAIRIE DISTRIBUTORS,PRDB,2024,1B-5B,2546181717.19,2113330825.27,432850891.92,86570178.38,44662064.26,27804304.35,14103809.77,45831270.91,38192725.76,1578632664.66,738392697.98,509236343.44,101847268.69,280079988.89,241887263.13,190963628.79,500477478.33,components,132401449.29,oi+da,,3.78,0.317032,4.761905,3.388278,0.17,0.052,0.034,0.017541,0.028292,1.45,0.9,34.675,48.373494,32.981928,50.066566
5140,900016,HARBORVIEW FOODSERVICE,HRBV,2018,1B-5B,1600000000.0,1340800000.0,259200000.0,48000000.0,19260198.03,22657634.18,6082167.8,28800000.0,24000000.0,992000000.0,464000000.0,320000000.0,64000000.0,176000000.0,152000000.0,120000000.0,407837415.15,components,76800000.0,oi+da,,5.310383,0.411126,3.389586,2.33034,0.162,0.048,0.03,0.012038,0.019416,1.45,0.9,34.675,47.911695,32.667064,49.91963
5140,900016,HARBORVIEW FOODSERVICE,HRBV,2019,1B-5B,1656000000.0,1387728000.0,268272000.0,49680000.0,20536998.03,22657634.18,6485367.8,29808000.0,24840000.0,1026720000.0,480240000.0,331200000.0,66240000.0,182160000.0,157320000.0,124200000.0,407837415.15,components,79488000.0,oi+da,,5.130805,0.397224,3.508222,2.411902,0.162,0.048,0.03,0.012402,0.020003,1.45,0.9,34.675,47.911695,32.667064,49.91963
5140,900016,HARBORVIEW FOODSERVICE,HRBV,2020,1B-5B,1508284800.0,1283490033.41,224794766.59,24886699.2,1694089.42,22657634.18,534975.61,27149126.4,22624272.0,935136576.0,437402592.0,301656960.0,60331392.0,165911328.0,143287056.0,113121360.0,407837415.15,components,52035825.6,oi+da,,7.837627,0.436126,2.296613,1.298086,0.14904,0.0345,0.0165,0.001123,0.001812,1.45,0.9,34.675,47.182006,32.16955,49.687457
5140,900016,HARBORVIEW FOODSERVICE,HRBV,2021,1B-5B,1773948600.0,1486568926.8,287379673.2,53218458.0,23226226.11,22657634.18,7334597.72,31931074.8,26609229.0,1099848132.0,514445094.0,354789720.0,70957944.0,195134346.0,168525117.0,133046145.0,407837415.15,components,85149532.8,oi+da,,4.789661,0.370812,3.758095,2.58369,0.162,0.048,0.03,0.013093,0.021118,1.45,0.9,34.675,47.911695,32.667064,49.91963
5140,900016,HARBORVIEW FOODSERVICE,HRBV,2022,1B-5B,1836036801.0,1538598839.24,297437961.76,55081104.03,24641837.09,22657634.18,7781632.77,33048662.42,27540552.01,1138342816.62,532450672.29,367207360.2,73441472.04,201964048.11,174423496.09,137702760.07,407837415.15,components,88129766.45,oi+da,,4.627692,0.358273,3.889628,2.674119,0.162,0.048,0.03,0.013421,0.021647,1.45,0.9,34.675,47.911695,32.667064,49.91963
5140,900016,HARBORVIEW FOODSERVICE,HRBV,2023,1B-5B,1900298089.03,1592449798.61,307848290.42,57008942.67,26106994.46,22657634.18,8244314.04,34205365.6,28504471.34,1178184815.2,551086445.82,380059617.81,76011923.56,209032789.79,180528318.46,142522356.68,407837415.15,components,91214308.27,oi+da,,4.4712,0.346157,4.025765,2.767713,0.162,0.048,0.03,0.013738,0.022159,1.45,0.9,34.675,47.911695,32.667064,49.91963
5140,900016,HARBORVIEW FOODSERVICE,HRBV,2024,1B-5B,1966808522.15,1648185541.56,318622980.59,59004255.66,27623432.33,22657634.18,8723189.16,35402553.4,29502127.83,1219421283.73,570374471.42,393361704.43,78672340.89,216348937.44,186846809.6,147510639.16,407837415.15,components,94406809.06,oi+da,,4.32,0.334452,4.166667,2.864583,0.162,0.048,0.03,0.014045,0.022653,1.45,0.9,34.675,47.911695,32.667064,49.91963
5140,900017,CEDARTON SUPPLY CO,CDTN,2018,1B-5B,1350000000.0,1115100000.0,234900000.0,48600000.0,22235161.54,19343208.5,7021629.96,24300000.0,20250000.0,837000000.0,391500000.0,270000000.0,54000000.0,148500000.0,128250000.0,101250000.0,348177752.93,components,72900000.0,oi+da,,4.776101,0.415983,3.768765,2.721886,0.174,0.054,0.036,0.01647,0.026565,1.45,0.9,34.675,48.607748,33.141646,50.141102
5140,900017,CEDARTON SUPPLY CO,CDTN,2019,1B-5B,1417500000.0,1170855000.0,246645000.0,51030000.0,24081961.54,19343208.5,7604829.96,25515000.0,21262500.0,878850000.0,411075000.0,283500000.0,56700000.0,155925000.0,134662500.0,106312500.0,348177752.93,components,76545000.0,oi+da,,4.548667,0.396174,3.957203,2.85798,0.174,0.054,0.036,0.016989,0.027402,1.45,0.9,34.675,48.607748,33.141646,50.141102
5140,900017,CEDARTON SUPPLY CO,CDTN,2020,1B-5B,1354421250.0,1137605496.3,216815753.7,26817540.75,5680492.51,19343208.5,1793839.74,24379582.5,20316318.75,839741175.0,392782162.5,270884250.0,54176850.0,148986337.5,128670018.75,101581593.75,348177752.93,components,51197123.25,oi+da,,6.800729,0.414625,2.646775,1.596468,0.16008,0.0378,0.0198,0.004194,0.006765,1.45,0.9,34.675,47.802172,32.59239,49.884782
5140,900017,CEDARTON SUPPLY CO,CDTN,2021,1B-5B,1562793750.0,1290867637.5,271926112.5,56260575.0,28057198.54,19343208.5,8860167.96,28130287.5,23441906.25,968932125.0,453210187.5,312558750.0,62511750.0,171907312.5,148465406.25,117209531.25,348177752.93,components,84390862.5,oi+da,,4.125776,0.359342,4.362816,3.150923,0.174,0.054,0.036,0.017953,0.028957,1.45,0.9,34.675,48.607748,33.141646,50.141102
5140,900017,CEDARTON SUPPLY CO,CDTN,2022,1B-5B,1640933437.5,1355411019.38,285522418.12,59073603.75,30195100.39,19343208.5,9535294.86,29536801.88,24614001.56,1017378731.25,475870696.88,328186687.5,65637337.5,180502678.13,155888676.56,123070007.81,348177752.93,components,88610405.63,oi+da,,3.92931,0.34223,4.580957,3.308469,0.174,0.054,0.036,0.018401,0.029679,1.45,0.9,34.675,48.607748,33.141646,50.141102
5140,900017,CEDARTON SUPPLY CO,CDTN,2023,1B-5B,1722980109.38,1423181570.34,299798539.04,62027283.94,32439897.34,19343208.5,10244178.11,31013641.97,25844701.64,1068247667.81,499664231.72,344596021.88,68919204.38,189527812.03,163683110.39,129223508.2,348177752.93,components,93040925.91,oi+da,,3.7422,0.325934,4.810005,3.473892,0.174,0.054,0.036,0.018828,0.030367,1.45,0.9,34.675,48.607748,33.141646,50.141102
5140,900017,CEDARTON SUPPLY CO,CDTN,2024,1B-5B,1809129114.84,1494340648.86,314788465.98,65128648.13,34796934.13,19343208.5,10988505.51,32564324.07,27136936.72,1121660051.2,524647443.3,361825822.97,72365164.59,199004202.63,171867265.91,135684683.61,348177752.93,components,97692972.2,oi+da,,3.564,0.310413,5.050505,3.647587,0.174,0.054,0.036,0.019234,0.031023,1.45,0.9,34.675,48.607748,33.141646,50.141102
5140,900018,LAKERIDGE PANTRY GROUP,LKRP,2018,1B-5B,1100000000.0,917400000.0,182600000.0,35200000.0,15010345.64,15449545.22,4740109.15,19800000.0,16500000.0,682000000.0,319000000.0,220000000.0,44000000.0,121000000.0,104500000.0,82500000.0,278091813.88,components,55000000.0,oi+da,,5.056215,0.407759,3.559975,2.491983,0.166,0.05,0.032,0.013646,0.022009,1.45,0.9,34.675,48.141487,32.823741,49.992746
5140,900018,LAKERIDGE PANTRY GROUP,LKRP,2019,1B-5B,1144000000.0,954096000.0,189904000.0,36608000.0,16080425.64,15449545.22,5078029.15,20592000.0,17160000.0,709280000.0,331760000.0,228800000.0,45760000.0,125840000.0,108680000.0,85800000.0,278091813.88,components,57200000.0,oi+da,,4.861745,0.392076,3.702374,2.591662,0.166,0.05,0.032,0.014056,0.022671,1.45,0.9,34.675,48.141487,32.823741,49.992746
5140,900018,LAKERIDGE PANTRY GROUP,LKRP,2020,1B-5B,1058886400.0,897173268.99,161713131.01,18636400.64,2422010.12,15449545.22,764845.3,19059955.2,15883296.0,656509568.0,307077056.0,211777280.0,42355456.0,116477504.0,100594208.0,79416480.0,278091813.88,components,37696355.84,oi+da,,7.377154,0.423591,2.439965,1.41189,0.15272,0.0356,0.0176,0.002287,0.003689,1.45,0.9,34.675,47.386932,32.309272,49.75266
5140,900018,LAKERIDGE PANTRY GROUP,LKRP,2021,1B-5B,1237350400.0,1031950233.6,205400166.4,39595212.8,18350707.36,15449545.22,5794960.22,22272307.2,18560256.0,767157248.0,358831616.0,247470080.0,49494016.0,136108544.0,117548288.0,92801280.0,278091813.88,components,61867520.0,oi+da,,4.494957,0.362496,4.004488,2.803142,0.166,0.05,0.032,0.014831,0.02392,1.45,0.9,34.675,48.141487,32.823741,49.992746
5140,900018,LAKERIDGE PANTRY GROUP,LKRP,2022,1B-5B,1286844416.0,1073228242.94,213616173.06,41179021.31,19554401.83,15449545.22,6175074.26,23163199.49,19302666.24,797843537.92,373184880.64,257368883.2,51473776.64,141552885.76,122250219.52,96513331.2,278091813.88,components,64342220.8,oi+da,,4.322074,0.348554,4.164668,2.915267,0.166,0.05,0.032,0.015196,0.024509,1.45,0.9,34.675,48.141487,32.823741,49.992746
5140,900018,LAKERIDGE PANTRY GROUP,LKRP,2023,1B-5B,1338318192.64,1116157372.66,222160819.98,42826182.16,20806244.08,15449545.22,6570392.87,24089727.47,20074772.89,829757279.44,388112275.87,267663638.53,53532727.71,147215001.19,127140228.3,100373864.45,278091813.88,components,66915909.63,oi+da,,4.15584,0.335148,4.331254,3.031878,0.166,0.05,0.032,0.015547,0.025075,1.45,0.9,34.675,48.141487,32.823741,49.992746
5140,900018,LAKERIDGE PANTRY GROUP,LKRP,2024,1B-5B,1391850920.35,1160803667.57,231047252.78,44539229.45,22108160.02,15449545.22,6981524.22,25053316.57,20877763.81,862947570.61,403636766.9,278370184.07,55674036.81,153103601.24,132225837.43,104388819.03,278091813.88,components,69592546.02,oi+da,,3.996,0.322258,4.504505,3.153153,0.166,0.05,0.032,0.015884,0.025619,1.45,0.9,34.675,48.141487,32.823741,49.992746
5140,900019,TRISTATE FOOD SUPPLY,TSFS,2018,1B-5B,820000000.0,690440000.0,129560000.0,22960000.0,8091126.43,12313781.01,2555092.56,14760000.0,12300000.0,508400000.0,237800000.0,164000000.0,32800000.0,90200000.0,77900000.0,61500000.0,221648058.2,components,37720000.0,oi+da,,5.876142,0.435972,3.063235,2.064354,0.158,0.046,0.028,0.009867,0.015915,1.45,0.9,34.675,47.684086,32.511876,49.847209
5140,900019,TRISTATE FOOD SUPPLY,TSFS,2019,1B-5B,852800000.0,718057600.0,134742400.0,23878400.0,8789110.43,12313781.01,2775508.56,15350400.0,12792000.0,528736000.0,247312000.0,170560000.0,34112000.0,93808000.0,81016000.0,63960000.0,221648058.2,components,39228800.0,oi+da,,5.650136,0.419204,3.185764,2.146928,0.158,0.046,0.028,0.010306,0.016623,1.45,0.9,34.675,47.684086,32.511876,49.847209
5140,900019,TRISTATE FOOD SUPPLY,TSFS,2020,1B-5B,771613440.0,659451710.36,112161729.64,11882846.98,-430934.04,12313781.01,0.0,13889041.92,11574201.6,478400332.8,223767897.6,154322688.0,30864537.6,84877478.4,73303276.8,57871008.0,221648058.2,components,25771888.9,oi+da,,8.600381,0.463311,2.092931,1.152992,0.14536,0.0334,0.0154,-0.000558,-0.000901,1.45,0.9,34.675,46.978845,32.031031,49.622814
5140,900019,TRISTATE FOOD SUPPLY,TSFS,2021,1B-5B,922388480.0,776651100.16,145737379.84,25826877.44,10269953.29,12313781.01,3243143.14,16602992.64,13835827.2,571880857.6,267492659.2,184477696.0,36895539.2,101462732.8,87626905.6,69179136.0,221648058.2,components,42429870.08,oi+da,,5.223868,0.387577,3.445722,2.322117,0.158,0.046,0.028,0.011134,0.017958,1.45,0.9,34.675,47.684086,32.511876,49.847209
5140,900019,TRISTATE FOOD SUPPLY,TSFS,2022,1B-5B,959284019.2,807717144.17,151566875.03,26859952.54,11055090.36,12313781.01,3491081.17,17267112.35,14389260.29,594756091.9,278192365.57,191856803.84,38371360.77,105521242.11,91131981.82,71946301.44,221648058.2,components,44127064.89,oi+da,,5.02295,0.372671,3.583551,2.415002,0.158,0.046,0.028,0.011524,0.018588,1.45,0.9,34.675,47.684086,32.511876,49.847209
5140,900019,TRISTATE FOOD SUPPLY,TSFS,2023,1B-5B,997655379.97,840025829.93,157629550.04,27934350.64,11871632.92,12313781.01,3748936.71,17957796.84,14964830.7,618546335.58,289320060.19,199531075.99,39906215.2,109742091.8,94777261.1,74824153.5,221648058.2,components,45892147.48,oi+da,,4.82976,0.358337,3.726893,2.511602,0.158,0.046,0.028,0.0119,0.019193,1.45,0.9,34.675,47.684086,32.511876,49.847209
5140,900019,TRISTATE FOOD SUPPLY,TSFS,2024,1B-5B,1037561595.17,873626863.13,163934732.04,29051724.66,12720837.18,12313781.01,4017106.48,18676108.71,15563423.93,643288189.0,300892862.6,207512319.03,41502463.81,114131775.47,98568351.54,77817119.64,221648058.2,components,47727833.37,oi+da,,4.644,0.344555,3.875969,2.612066,0.158,0.046,0.028,0.01226,0.019775,1.45,0.9,34.675,47.684086,32.511876,49.847209
5140,900020,HILLCREST PROVISIONS,HLCP,2018,250M-1B,560000000.0,470400000.0,89600000.0,16240000.0,5748074.52,8676744.05,1815181.43,10080000.0,8400000.0,347200000.0,162400000.0,112000000.0,22400000.0,61600000.0,53200000.0,42000000.0,156181392.83,components,26320000.0,oi+da,,5.933943,0.449831,3.033396,2.065291,0.16,0.047,0.029,0.010264,0.016556,1.45,0.9,34.675,47.797619,32.589286,49.883333
5140,900020,HILLCREST PROVISIONS,HLCP,2019,250M-1B,588000000.0,493920000.0,94080000.0,17052000.0,6365194.52,8676744.05,2010061.43,10584000.0,8820000.0,364560000.0,170520000.0,117600000.0,23520000.0,64680000.0,55860000.0,44100000.0,156181392.83,components,27636000.0,oi+da,,5.651375,0.428411,3.185066,2.168555,0.16,0.047,0.029,0.010825,0.01746,1.45,0.9,34.675,47.797619,32.589286,49.883333
5140,900020,HILLCREST PROVISIONS,HLCP,2020,250M-1B,543312000.0,463336473.6,79975526.4,8665826.4,-10917.65,8676744.05,0.0,9779616.0,8149680.0,336853440.0,157560480.0,108662400.0,21732480.0,59764320.0,51614640.0,40748400.0,156181392.83,components,18445442.4,oi+da,,8.467208,0.463648,2.125848,1.186593,0.1472,0.03395,0.01595,-2e-05,-3.2e-05,1.45,0.9,34.675,47.080206,32.100141,49.655066
5140,900020,HILLCREST PROVISIONS,HLCP,2021,250M-1B,648270000.0,544546800.0,103723200.0,18799830.0,7693545.32,8676744.05,2429540.63,11668860.0,9724050.0,401927400.0,187998300.0,129654000.0,25930800.0,71309700.0,61585650.0,48620250.0,156181392.83,components,30468690.0,oi+da,,5.125963,0.388581,3.511535,2.390832,0.16,0.047,0.029,0.011868,0.019142,1.45,0.9,34.675,47.797619,32.589286,49.883333
5140,900020,HILLCREST PROVISIONS,HLCP,2022,250M-1B,680683500.0,571774140.0,108909360.0,19739821.5,8407938.86,8676744.05,2655138.59,12252303.0,10210252.5,422023770.0,197398215.0,136136700.0,27227340.0,74875185.0,64664932.5,51051262.5,156181392.83,components,31992124.5,oi+da,,4.88187,0.370077,3.687112,2.510374,0.16,0.047,0.029,0.012352,0.019923,1.45,0.9,34.675,47.797619,32.589286,49.883333
5140,900020,HILLCREST PROVISIONS,HLCP,2023,250M-1B,714717675.0,600362847.0,114354828.0,20726812.58,9158052.08,8676744.05,2892016.45,12864918.15,10720765.13,443124958.5,207268125.75,142943535.0,28588707.0,78618944.25,67898179.13,53603825.63,156181392.83,components,33591730.73,oi+da,,4.6494,0.352455,3.871467,2.635893,0.16,0.047,0.029,0.012814,0.020667,1.45,0.9,34.675,47.797619,32.589286,49.883333
5140,900020,HILLCREST PROVISIONS,HLCP,2024,250M-1B,750453558.75,630380989.35,120072569.4,21763153.2,9945670.96,8676744.05,3140738.2,13508164.06,11256803.38,465281206.43,217631532.04,150090711.75,30018142.35,82549891.46,71293088.08,56284016.91,156181392.83,components,35271317.26,oi+da,,4.428,0.335671,4.065041,2.767687,0.16,0.047,0.029,0.013253,0.021376,1.45,0.9,34.675,47.797619,32.589286,49.883333
5140,900021,BROOKFIELD WHOLESALE,BKFW,2018,250M-1B,330000000.0,279840000.0,50160000.0,8250000.0,2715910.03,4676434.18,857655.8,5940000.0,4950000.0,204600000.0,95700000.0,66000000.0,13200000.0,36300000.0,31350000.0,24750000.0,84175815.17,components,14190000.0,oi+da,,5.932052,0.411416,3.034363,1.975864,0.152,0.043,0.025,0.00823,0.013274,1.45,0.9,34.675,47.346698,32.28184,49.739858
5140,900021,BROOKFIELD WHOLESALE,BKFW,2019,250M-1B,339900000.0,288235200.0,51664800.0,8497500.0,2904010.03,4676434.18,917055.8,6118200.0,5098500.0,210738000.0,98571000.0,67980000.0,13596000.0,37389000.0,32290500.0,25492500.0,84175815.17,components,14615700.0,oi+da,,5.759274,0.399433,3.125394,2.03514,0.152,0.043,0.025,0.008544,0.01378,1.45,0.9,34.675,47.346698,32.28184,49.739858
5140,900021,BROOKFIELD WHOLESALE,BKFW,2020,250M-1B,297582450.0,255968520.19,41613929.81,4091758.69,-584675.49,4676434.18,0.0,5356484.1,4463736.75,184501119.0,86298910.5,59516490.0,11903298.0,32734069.5,28270332.75,22318683.75,84175815.17,components,9448242.79,oi+da,,8.90915,0.456235,2.020395,1.065878,0.13984,0.03175,0.01375,-0.001965,-0.003169,1.45,0.9,34.675,46.677362,31.825474,49.526888
5140,900021,BROOKFIELD WHOLESALE,BKFW,2021,250M-1B,360599910.0,305788723.68,54811186.32,9014997.75,3297308.32,4676434.18,1041255.26,6490798.38,5408998.65,223571944.2,104573973.9,72119982.0,14423996.4,39665990.1,34256991.45,27044993.25,84175815.17,components,15505796.13,oi+da,,5.428668,0.376504,3.315731,2.15908,0.152,0.043,0.025,0.009144,0.014748,1.45,0.9,34.675,47.346698,32.28184,49.739858
5140,900021,BROOKFIELD WHOLESALE,BKFW,2022,250M-1B,371417907.3,314962385.39,56455521.91,9285447.68,3502850.26,4676434.18,1106163.24,6685522.33,5571268.61,230279102.53,107711193.12,74283581.46,14856716.29,40855969.8,35284701.19,27856343.05,84175815.17,components,15970970.01,oi+da,,5.270551,0.365538,3.415203,2.223853,0.152,0.043,0.025,0.009431,0.015211,1.45,0.9,34.675,47.346698,32.28184,49.739858
5140,900021,BROOKFIELD WHOLESALE,BKFW,2023,250M-1B,382560444.52,324411256.95,58149187.57,9564011.11,3714558.47,4676434.18,1173018.46,6886088.0,5738406.67,237187475.6,110942528.91,76512088.9,15302417.78,42081648.9,36343242.23,28692033.34,84175815.17,components,16450099.11,oi+da,,5.11704,0.354891,3.517659,2.290568,0.152,0.043,0.025,0.00971,0.015661,1.45,0.9,34.675,47.346698,32.28184,49.739858
5140,900021,BROOKFIELD WHOLESALE,BKFW,2024,250M-1B,394037257.85,334143594.66,59893663.19,9850931.45,3932617.93,4676434.18,1241879.34,7092670.64,5910558.87,244303099.87,114270804.78,78807451.57,15761490.31,43344098.36,37433539.5,29552794.34,84175815.17,components,16943602.09,oi+da,,4.968,0.344555,3.623188,2.359285,0.152,0.043,0.025,0.00998,0.016097,1.45,0.9,34.675,47.346698,32.28184,49.739858
