band column,only loans where,row,heading,PocketBook,road 2,verdict
FICO,All loans,496 - 653,Loans,1556,1556,TIED
FICO,All loans,496 - 653,% of loans,0.1945,0.1945,TIED
FICO,All loans,496 - 653,Bad loans,234,234,TIED
FICO,All loans,496 - 653,Bad loans %,0.15048231511254,0.1504823151125402,TIED
FICO,All loans,496 - 653,Booked $,50747952.44,50747952.44,TIED
FICO,All loans,496 - 653,% of booked,0.196645321118029,0.19664532111802865,TIED
FICO,All loans,496 - 653,Charged off $,4235046.51,4235046.51,TIED
FICO,All loans,496 - 653,Charge-off rate,0.0834525592930504,0.08345255929305037,TIED
FICO,All loans,496 - 653,× book,2.0058172595329,2.0058172595328987,TIED
FICO,All loans,496 - 653,% of charge-offs,0.394495242541623,0.39449524254162327,TIED
FICO,All loans,496 - 653,RANR $,9650826.57,9650826.57,TIED
FICO,All loans,496 - 653,RANR rate,0.190171743015845,0.19017174301584494,TIED
FICO,All loans,496 - 653,% of RANR,0.292181959267388,0.29218195926738816,TIED
FICO,All loans,654 - 685,Loans,1539,1539,TIED
FICO,All loans,654 - 685,% of loans,0.192375,0.192375,TIED
FICO,All loans,654 - 685,Bad loans,130,130,TIED
FICO,All loans,654 - 685,Bad loans %,0.0844704353476283,0.08447043534762833,TIED
FICO,All loans,654 - 685,Booked $,49349595.68,49349595.68,TIED
FICO,All loans,654 - 685,% of booked,0.191226771188692,0.19122677118869152,TIED
FICO,All loans,654 - 685,Charged off $,2231319.14,2231319.14,TIED
FICO,All loans,654 - 685,Charge-off rate,0.0452145374091542,0.045214537409154314,TIED
FICO,All loans,654 - 685,× book,1.08675036793785,1.086750367937849,TIED
FICO,All loans,654 - 685,% of charge-offs,0.207847725696421,0.2078477256964213,TIED
FICO,All loans,654 - 685,RANR $,8047707.06999999,8047707.07,TIED
FICO,All loans,654 - 685,RANR rate,0.163075440823956,0.1630754408239561,TIED
FICO,All loans,654 - 685,% of RANR,0.243646987360857,0.24364698736085688,TIED
FICO,All loans,686 - 711,Loans,1562,1562,TIED
FICO,All loans,686 - 711,% of loans,0.19525,0.19525,TIED
FICO,All loans,686 - 711,Bad loans,96,96,TIED
FICO,All loans,686 - 711,Bad loans %,0.0614596670934699,0.06145966709346991,TIED
FICO,All loans,686 - 711,Booked $,51016427.42,51016427.42,TIED
FICO,All loans,686 - 711,% of booked,0.197685645823083,0.19768564582308304,TIED
FICO,All loans,686 - 711,Charged off $,1607782.97,1607782.97,TIED
FICO,All loans,686 - 711,Charge-off rate,0.031515005093628,0.03151500509362794,TIED
FICO,All loans,686 - 711,× book,0.757476363655756,0.7574763636557558,TIED
FICO,All loans,686 - 711,% of charge-offs,0.149765234267626,0.1497652342676259,TIED
FICO,All loans,686 - 711,RANR $,7240165.41,7240165.41,TIED
FICO,All loans,686 - 711,RANR rate,0.141918314867372,0.1419183148673722,TIED
FICO,All loans,686 - 711,% of RANR,0.219198397108257,0.21919839710825648,TIED
FICO,All loans,712 - 745,Loans,1611,1611,TIED
FICO,All loans,712 - 745,% of loans,0.201375,0.201375,TIED
FICO,All loans,712 - 745,Bad loans,87,87,TIED
FICO,All loans,712 - 745,Bad loans %,0.0540037243947859,0.054003724394785846,TIED
FICO,All loans,712 - 745,Booked $,51112483.92,51112483.92,TIED
FICO,All loans,712 - 745,% of booked,0.198057859092383,0.19805785909238305,TIED
FICO,All loans,712 - 745,Charged off $,1545665.76,1545665.76,TIED
FICO,All loans,712 - 745,Charge-off rate,0.0302639717312272,0.030263971731227298,TIED
FICO,All loans,712 - 745,× book,0.727407252153218,0.7274072521532203,TIED
FICO,All loans,712 - 745,% of charge-offs,0.143979006473646,0.14397900647364614,TIED
FICO,All loans,712 - 745,RANR $,4905226.41999999,4905226.42,TIED
FICO,All loans,712 - 745,RANR rate,0.0959692435937475,0.09596924359374785,TIED
FICO,All loans,712 - 745,% of RANR,0.14850734863488,0.14850734863488033,TIED
FICO,All loans,746 - 921,Loans,1571,1571,TIED
FICO,All loans,746 - 921,% of loans,0.196375,0.196375,TIED
FICO,All loans,746 - 921,Bad loans,62,62,TIED
FICO,All loans,746 - 921,Bad loans %,0.0394653087205602,0.03946530872056015,TIED
FICO,All loans,746 - 921,Booked $,50525744.31,50525744.31,TIED
FICO,All loans,746 - 921,% of booked,0.195784277726563,0.1957842777265628,TIED
FICO,All loans,746 - 921,Charged off $,980621.18,980621.18,TIED
FICO,All loans,746 - 921,Charge-off rate,0.0194083470395491,0.019408347039549034,TIED
FICO,All loans,746 - 921,× book,0.46648776024025,0.46648776024024957,TIED
FICO,All loans,746 - 921,% of charge-offs,0.0913450157706894,0.09134501577068933,TIED
FICO,All loans,746 - 921,RANR $,2361745.96,2361745.96,TIED
FICO,All loans,746 - 921,RANR rate,0.0467434174845509,0.04674341748455085,TIED
FICO,All loans,746 - 921,% of RANR,0.0715026383366703,0.07150263833667032,TIED
FICO,All loans,(blank),Loans,1,1,TIED
FICO,All loans,(blank),% of loans,0.000125,0.000125,TIED
FICO,All loans,(blank),Bad loans,0,0,TIED
FICO,All loans,(blank),Bad loans %,0,0.0,TIED
FICO,All loans,(blank),Booked $,27999.47,27999.47,TIED
FICO,All loans,(blank),% of booked,0.000108496294028698,0.00010849629402869776,TIED
FICO,All loans,(blank),Charged off $,0,0.0,TIED
FICO,All loans,(blank),Charge-off rate,0,0.0,TIED
FICO,All loans,(blank),× book,0,0.0,TIED
FICO,All loans,(blank),% of charge-offs,0,0.0,TIED
FICO,All loans,(blank),RANR $,3928.24,3928.24,TIED
FICO,All loans,(blank),RANR rate,0.140296941334961,0.14029694133496096,TIED
FICO,All loans,(blank),% of RANR,0.000118928762354966,0.00011892876235496633,TIED
FICO,All loans,(marked missing),Loans,160,160,TIED
FICO,All loans,(marked missing),% of loans,0.02,0.02,TIED
FICO,All loans,(marked missing),Bad loans,10,10,TIED
FICO,All loans,(marked missing),Bad loans %,0.0625,0.0625,TIED
FICO,All loans,(marked missing),Booked $,5288242.79,5288242.79,TIED
FICO,All loans,(marked missing),% of booked,0.0204916287572222,0.020491628757222227,TIED
FICO,All loans,(marked missing),Charged off $,134919.53,134919.53,TIED
FICO,All loans,(marked missing),Charge-off rate,0.0255131118894789,0.025513111889478888,TIED
FICO,All loans,(marked missing),× book,0.61321834352146,0.6132183435214599,TIED
FICO,All loans,(marked missing),% of charge-offs,0.0125677752499941,0.012567775249994083,TIED
FICO,All loans,(marked missing),RANR $,820593.55,820593.55,TIED
FICO,All loans,(marked missing),RANR rate,0.155173198846266,0.15517319884626554,TIED
FICO,All loans,(marked missing),% of RANR,0.024843740529593,0.024843740529592945,TIED
FICO,All loans,All,Loans,8000,8000,TIED
FICO,All loans,All,% of loans,1,1.0,TIED
FICO,All loans,All,Bad loans,619,619,TIED
FICO,All loans,All,Bad loans %,0.0773846730841355,0.07738467308413552,TIED
FICO,All loans,All,Booked $,258068446.03,258068446.03,TIED
FICO,All loans,All,% of booked,1,1.0,TIED
FICO,All loans,All,Charged off $,10735355.09,10735355.09,TIED
FICO,All loans,All,Charge-off rate,0.0416052653333356,0.04160526533333562,TIED
FICO,All loans,All,× book,0.999999999999999,1.0,TIED
FICO,All loans,All,% of charge-offs,1,1.0,TIED
FICO,All loans,All,RANR $,33030193.22,33030193.22,TIED
FICO,All loans,All,RANR rate,0.127990049648147,0.12799004964814759,TIED
FICO,All loans,All,% of RANR,1,1.0,TIED
FICO,2021,496 - 653,Loans,150,150,TIED
FICO,2021,496 - 653,% of loans,0.178784266984505,0.17878426698450536,TIED
FICO,2021,496 - 653,Bad loans,23,23,TIED
FICO,2021,496 - 653,Bad loans %,0.153333333333333,0.15333333333333332,TIED
FICO,2021,496 - 653,Booked $,5187713.96,5187713.96,TIED
FICO,2021,496 - 653,% of booked,0.189556736855192,0.18955673685519225,TIED
FICO,2021,496 - 653,Charged off $,443508.37,443508.37,TIED
FICO,2021,496 - 653,Charge-off rate,0.0854920632516909,0.08549206325169093,TIED
FICO,2021,496 - 653,× book,2.05483759247154,2.0548375924715385,TIED
FICO,2021,496 - 653,% of charge-offs,0.420949780699269,0.42094978069926914,TIED
FICO,2021,496 - 653,RANR $,2069336.37,2069336.3699999999,TIED
FICO,2021,496 - 653,RANR rate,0.398891763492681,0.3988917634926811,TIED
FICO,2021,496 - 653,% of RANR,0.29363412671545,0.29363412671545036,TIED
FICO,2021,654 - 685,Loans,181,181,TIED
FICO,2021,654 - 685,% of loans,0.215733015494637,0.21573301549463647,TIED
FICO,2021,654 - 685,Bad loans,12,12,TIED
FICO,2021,654 - 685,Bad loans %,0.0662983425414365,0.06629834254143646,TIED
FICO,2021,654 - 685,Booked $,5964006.45,5964006.45,TIED
FICO,2021,654 - 685,% of booked,0.217922115591223,0.21792211559122265,TIED
FICO,2021,654 - 685,Charged off $,210018.58,210018.58,TIED
FICO,2021,654 - 685,Charge-off rate,0.0352143448805291,0.03521434488052909,TIED
FICO,2021,654 - 685,× book,0.846391546800547,0.8463915468005465,TIED
FICO,2021,654 - 685,% of charge-offs,0.199336204621734,0.19933620462173443,TIED
FICO,2021,654 - 685,RANR $,1954632.76,1954632.76,TIED
FICO,2021,654 - 685,RANR rate,0.327738203569515,0.3277382035695149,TIED
FICO,2021,654 - 685,% of RANR,0.277357945210237,0.27735794521023693,TIED
FICO,2021,686 - 711,Loans,149,149,TIED
FICO,2021,686 - 711,% of loans,0.177592371871275,0.17759237187127533,TIED
FICO,2021,686 - 711,Bad loans,9,9,TIED
FICO,2021,686 - 711,Bad loans %,0.0604026845637584,0.06040268456375839,TIED
FICO,2021,686 - 711,Booked $,4660015.6,4660015.6,TIED
FICO,2021,686 - 711,% of booked,0.170274875916692,0.170274875916692,TIED
FICO,2021,686 - 711,Charged off $,147473.57,147473.57,TIED
FICO,2021,686 - 711,Charge-off rate,0.0316465828998512,0.03164658289985124,TIED
FICO,2021,686 - 711,× book,0.760638891407209,0.7606388914072103,TIED
FICO,2021,686 - 711,% of charge-offs,0.139972481129135,0.13997248112913477,TIED
FICO,2021,686 - 711,RANR $,1283768.43,1283768.43,TIED
FICO,2021,686 - 711,RANR rate,0.275485865326288,0.27548586532628777,TIED
FICO,2021,686 - 711,% of RANR,0.18216382184783,0.18216382184782978,TIED
FICO,2021,712 - 745,Loans,156,156,TIED
FICO,2021,712 - 745,% of loans,0.185935637663886,0.18593563766388557,TIED
FICO,2021,712 - 745,Bad loans,7,7,TIED
FICO,2021,712 - 745,Bad loans %,0.0448717948717949,0.04487179487179487,TIED
FICO,2021,712 - 745,Booked $,4948222.24,4948222.24,TIED
FICO,2021,712 - 745,% of booked,0.180805817028642,0.18080581702864165,TIED
FICO,2021,712 - 745,Charged off $,132174.68,132174.68,TIED
FICO,2021,712 - 745,Charge-off rate,0.02671154883294,0.02671154883294005,TIED
FICO,2021,712 - 745,× book,0.642023278037787,0.6420232780377874,TIED
FICO,2021,712 - 745,% of charge-offs,0.125451753165326,0.125451753165326,TIED
FICO,2021,712 - 745,RANR $,971269.34,971269.34,TIED
FICO,2021,712 - 745,RANR rate,0.196286523298921,0.19628652329892118,TIED
FICO,2021,712 - 745,% of RANR,0.137820911375753,0.13782091137575272,TIED
FICO,2021,746 - 921,Loans,177,177,TIED
FICO,2021,746 - 921,% of loans,0.210965435041716,0.21096543504171633,TIED
FICO,2021,746 - 921,Bad loans,5,5,TIED
FICO,2021,746 - 921,Bad loans %,0.0282485875706215,0.02824858757062147,TIED
FICO,2021,746 - 921,Booked $,5834832.4,5834832.4,TIED
FICO,2021,746 - 921,% of booked,0.213202153852166,0.21320215385216612,TIED
FICO,2021,746 - 921,Charged off $,66947.12,66947.12,TIED
FICO,2021,746 - 921,Charge-off rate,0.0114737005984953,0.011473700598495338,TIED
FICO,2021,746 - 921,× book,0.275775205531551,0.2757752055315509,TIED
FICO,2021,746 - 921,% of charge-offs,0.0635419247723502,0.06354192477235018,TIED
FICO,2021,746 - 921,RANR $,579335.1,579335.1,TIED
FICO,2021,746 - 921,RANR rate,0.0992890729817707,0.09928907298177064,TIED
FICO,2021,746 - 921,% of RANR,0.0822063336972656,0.08220633369726553,TIED
FICO,2021,(blank),Loans,0,0,TIED
FICO,2021,(blank),% of loans,0,0.0,TIED
FICO,2021,(blank),Bad loans,0,0,TIED
FICO,2021,(blank),Bad loans %,,,TIED
FICO,2021,(blank),Booked $,0,0.0,TIED
FICO,2021,(blank),% of booked,0,0.0,TIED
FICO,2021,(blank),Charged off $,0,0.0,TIED
FICO,2021,(blank),Charge-off rate,,,TIED
FICO,2021,(blank),× book,,,TIED
FICO,2021,(blank),% of charge-offs,0,0.0,TIED
FICO,2021,(blank),RANR $,0,0.0,TIED
FICO,2021,(blank),RANR rate,,,TIED
FICO,2021,(blank),% of RANR,0,0.0,TIED
FICO,2021,(marked missing),Loans,26,26,TIED
FICO,2021,(marked missing),% of loans,0.0309892729439809,0.03098927294398093,TIED
FICO,2021,(marked missing),Bad loans,4,4,TIED
FICO,2021,(marked missing),Bad loans %,0.153846153846154,0.15384615384615385,TIED
FICO,2021,(marked missing),Booked $,772814.67,772814.67,TIED
FICO,2021,(marked missing),% of booked,0.0282383007560853,0.0282383007560853,TIED
FICO,2021,(marked missing),Charged off $,53467.42,53467.42,TIED
FICO,2021,(marked missing),Charge-off rate,0.0691853067437242,0.06918530674372421,TIED
FICO,2021,(marked missing),× book,1.66289786135051,1.6628978613505074,TIED
FICO,2021,(marked missing),% of charge-offs,0.0507478556121855,0.05074785561218544,TIED
FICO,2021,(marked missing),RANR $,188987.25,188987.25,TIED
FICO,2021,(marked missing),RANR rate,0.244544076783636,0.24454407678363557,TIED
FICO,2021,(marked missing),% of RANR,0.0268168611534646,0.026816861153464627,TIED
FICO,2021,All,Loans,839,839,TIED
FICO,2021,All,% of loans,1,1.0,TIED
FICO,2021,All,Bad loans,60,60,TIED
FICO,2021,All,Bad loans %,0.0715137067938022,0.07151370679380215,TIED
FICO,2021,All,Booked $,27367605.32,27367605.32,TIED
FICO,2021,All,% of booked,1,1.0,TIED
FICO,2021,All,Charged off $,1053589.74,1053589.74,TIED
FICO,2021,All,Charge-off rate,0.0384976956398171,0.03849769563981713,TIED
FICO,2021,All,× book,0.925308259216205,0.9253082592162056,TIED
FICO,2021,All,% of charge-offs,1,1.0,TIED
FICO,2021,All,RANR $,7047329.25,7047329.25,TIED
FICO,2021,All,RANR rate,0.257506243882064,0.2575062438820643,TIED
FICO,2021,All,% of RANR,1,1.0,TIED
FICO,2022,496 - 653,Loans,353,353,TIED
FICO,2022,496 - 653,% of loans,0.2027570361861,0.20275703618609994,TIED
FICO,2022,496 - 653,Bad loans,61,61,TIED
FICO,2022,496 - 653,Bad loans %,0.172804532577904,0.17280453257790368,TIED
FICO,2022,496 - 653,Booked $,11276136.37,11276136.37,TIED
FICO,2022,496 - 653,% of booked,0.200521619600249,0.2005216196002492,TIED
FICO,2022,496 - 653,Charged off $,1174581.94,1174581.94,TIED
FICO,2022,496 - 653,Charge-off rate,0.104165283343412,0.10416528334341171,TIED
FICO,2022,496 - 653,× book,2.50365626823561,2.5036562682356163,TIED
FICO,2022,496 - 653,% of charge-offs,0.460050928412989,0.46005092841298906,TIED
FICO,2022,496 - 653,RANR $,3458182.53,3458182.53,TIED
FICO,2022,496 - 653,RANR rate,0.306681510095997,0.30668151009599753,TIED
FICO,2022,496 - 653,% of RANR,0.291710186839007,0.29171018683900724,TIED
FICO,2022,654 - 685,Loans,344,344,TIED
FICO,2022,654 - 685,% of loans,0.197587593337163,0.19758759333716255,TIED
FICO,2022,654 - 685,Bad loans,28,28,TIED
FICO,2022,654 - 685,Bad loans %,0.0813953488372093,0.08139534883720931,TIED
FICO,2022,654 - 685,Booked $,11532842.4,11532842.4,TIED
FICO,2022,654 - 685,% of booked,0.20508657937084,0.2050865793708404,TIED
FICO,2022,654 - 685,Charged off $,548816.31,548816.3099999999,TIED
FICO,2022,654 - 685,Charge-off rate,0.0475872548123956,0.04758725481239559,TIED
FICO,2022,654 - 685,× book,1.14377962575489,1.1437796257548918,TIED
FICO,2022,654 - 685,% of charge-offs,0.214956014855542,0.21495601485554156,TIED
FICO,2022,654 - 685,RANR $,3000252.57,3000252.57,TIED
FICO,2022,654 - 685,RANR rate,0.260148579677114,0.2601485796771141,TIED
FICO,2022,654 - 685,% of RANR,0.253082140739087,0.2530821407390869,TIED
FICO,2022,686 - 711,Loans,333,333,TIED
FICO,2022,686 - 711,% of loans,0.191269385410684,0.19126938541068353,TIED
FICO,2022,686 - 711,Bad loans,18,18,TIED
FICO,2022,686 - 711,Bad loans %,0.0540540540540541,0.05405405405405406,TIED
FICO,2022,686 - 711,Booked $,10867256.39,10867256.39,TIED
FICO,2022,686 - 711,% of booked,0.193250576299474,0.1932505762994739,TIED
FICO,2022,686 - 711,Charged off $,211679.16,211679.16,TIED
FICO,2022,686 - 711,Charge-off rate,0.0194786202150146,0.019478620215014546,TIED
FICO,2022,686 - 711,× book,0.46817680548254,0.46817680548254026,TIED
FICO,2022,686 - 711,% of charge-offs,0.0829088127165327,0.08290881271653272,TIED
FICO,2022,686 - 711,RANR $,2618893.63,2618893.63,TIED
FICO,2022,686 - 711,RANR rate,0.240989403029995,0.2409894030299951,TIED
FICO,2022,686 - 711,% of RANR,0.220913136739137,0.22091313673913734,TIED
FICO,2022,712 - 745,Loans,356,356,TIED
FICO,2022,712 - 745,% of loans,0.204480183802412,0.2044801838024124,TIED
FICO,2022,712 - 745,Bad loans,23,23,TIED
FICO,2022,712 - 745,Bad loans %,0.0646067415730337,0.06460674157303371,TIED
FICO,2022,712 - 745,Booked $,11095651.21,11095651.209999999,TIED
FICO,2022,712 - 745,% of booked,0.197312082626814,0.19731208262681418,TIED
FICO,2022,712 - 745,Charged off $,367093.72,367093.72000000003,TIED
FICO,2022,712 - 745,Charge-off rate,0.0330844682346499,0.03308446823464993,TIED
FICO,2022,712 - 745,× book,0.795199068425156,0.7951990684251562,TIED
FICO,2022,712 - 745,% of charge-offs,0.143780353629971,0.14378035362997144,TIED
FICO,2022,712 - 745,RANR $,1725510.96,1725510.96,TIED
FICO,2022,712 - 745,RANR rate,0.155512364920491,0.15551236492049034,TIED
FICO,2022,712 - 745,% of RANR,0.145553081761232,0.1455530817612322,TIED
FICO,2022,746 - 921,Loans,314,314,TIED
FICO,2022,746 - 921,% of loans,0.180356117174038,0.1803561171740379,TIED
FICO,2022,746 - 921,Bad loans,11,11,TIED
FICO,2022,746 - 921,Bad loans %,0.035031847133758,0.03503184713375796,TIED
FICO,2022,746 - 921,Booked $,10135028.84,10135028.84,TIED
FICO,2022,746 - 921,% of booked,0.180229498030808,0.1802294980308078,TIED
FICO,2022,746 - 921,Charged off $,206772.2,206772.2,TIED
FICO,2022,746 - 921,Charge-off rate,0.020401737702406,0.020401737702405987,TIED
FICO,2022,746 - 921,× book,0.490364321413409,0.4903643214134099,TIED
FICO,2022,746 - 921,% of charge-offs,0.0809868935835982,0.08098689358359815,TIED
FICO,2022,746 - 921,RANR $,757120.14,757120.14,TIED
FICO,2022,746 - 921,RANR rate,0.0747033039523151,0.07470330395231516,TIED
FICO,2022,746 - 921,% of RANR,0.0638658184127069,0.0638658184127069,TIED
FICO,2022,(blank),Loans,0,0,TIED
FICO,2022,(blank),% of loans,0,0.0,TIED
FICO,2022,(blank),Bad loans,0,0,TIED
FICO,2022,(blank),Bad loans %,,,TIED
FICO,2022,(blank),Booked $,0,0.0,TIED
FICO,2022,(blank),% of booked,0,0.0,TIED
FICO,2022,(blank),Charged off $,0,0.0,TIED
FICO,2022,(blank),Charge-off rate,,,TIED
FICO,2022,(blank),× book,,,TIED
FICO,2022,(blank),% of charge-offs,0,0.0,TIED
FICO,2022,(blank),RANR $,0,0.0,TIED
FICO,2022,(blank),RANR rate,,,TIED
FICO,2022,(blank),% of RANR,0,0.0,TIED
FICO,2022,(marked missing),Loans,41,41,TIED
FICO,2022,(marked missing),% of loans,0.0235496840896037,0.023549684089603676,TIED
FICO,2022,(marked missing),Bad loans,4,4,TIED
FICO,2022,(marked missing),Bad loans %,0.0975609756097561,0.0975609756097561,TIED
FICO,2022,(marked missing),Booked $,1327102.81,1327102.81,TIED
FICO,2022,(marked missing),% of booked,0.0235996440718145,0.02359964407181445,TIED
FICO,2022,(marked missing),Charged off $,44213,44213.0,TIED
FICO,2022,(marked missing),Charge-off rate,0.0333154294202723,0.03331542942027227,TIED
FICO,2022,(marked missing),× book,0.800750317378189,0.8007503173781892,TIED
FICO,2022,(marked missing),% of charge-offs,0.017316996801367,0.017316996801367036,TIED
FICO,2022,(marked missing),RANR $,294897.1,294897.1,TIED
FICO,2022,(marked missing),RANR rate,0.222211194021961,0.22221119402196124,TIED
FICO,2022,(marked missing),% of RANR,0.0248756355088294,0.024875635508829375,TIED
FICO,2022,All,Loans,1741,1741,TIED
FICO,2022,All,% of loans,1,1.0,TIED
FICO,2022,All,Bad loans,145,145,TIED
FICO,2022,All,Bad loans %,0.0832854681217691,0.0832854681217691,TIED
FICO,2022,All,Booked $,56234018.02,56234018.02,TIED
FICO,2022,All,% of booked,1,1.0,TIED
FICO,2022,All,Charged off $,2553156.33,2553156.33,TIED
FICO,2022,All,Charge-off rate,0.0454023457667911,0.04540234576679107,TIED
FICO,2022,All,× book,1.09126442057354,1.0912644205735444,TIED
FICO,2022,All,% of charge-offs,1,1.0,TIED
FICO,2022,All,RANR $,11854856.93,11854856.93,TIED
FICO,2022,All,RANR rate,0.210812909114617,0.2108129091146171,TIED
FICO,2022,All,% of RANR,1,1.0,TIED
FICO,2023,496 - 653,Loans,321,321,TIED
FICO,2023,496 - 653,% of loans,0.199131513647643,0.19913151364764267,TIED
FICO,2023,496 - 653,Bad loans,38,38,TIED
FICO,2023,496 - 653,Bad loans %,0.11875,0.11875,TIED
FICO,2023,496 - 653,Booked $,10427663.36,10427663.36,TIED
FICO,2023,496 - 653,% of booked,0.198854952139944,0.19885495213994417,TIED
FICO,2023,496 - 653,Charged off $,682657.73,682657.73,TIED
FICO,2023,496 - 653,Charge-off rate,0.0654660307330826,0.06546603073308266,TIED
FICO,2023,496 - 653,× book,1.5735035027076,1.5735035027075994,TIED
FICO,2023,496 - 653,% of charge-offs,0.332687146694174,0.332687146694174,TIED
FICO,2023,496 - 653,RANR $,2568373.11,2568373.11,TIED
FICO,2023,496 - 653,RANR rate,0.246303799933948,0.246303799933948,TIED
FICO,2023,496 - 653,% of RANR,0.322637119161844,0.32263711916184457,TIED
FICO,2023,654 - 685,Loans,283,283,TIED
FICO,2023,654 - 685,% of loans,0.175558312655087,0.17555831265508684,TIED
FICO,2023,654 - 685,Bad loans,27,27,TIED
FICO,2023,654 - 685,Bad loans %,0.0954063604240283,0.09540636042402827,TIED
FICO,2023,654 - 685,Booked $,8971402.5,8971402.5,TIED
FICO,2023,654 - 685,% of booked,0.171084139674957,0.17108413967495742,TIED
FICO,2023,654 - 685,Charged off $,473583.77,473583.77,TIED
FICO,2023,654 - 685,Charge-off rate,0.0527881532458275,0.05278815324582751,TIED
FICO,2023,654 - 685,× book,1.26878540066735,1.268785400667347,TIED
FICO,2023,654 - 685,% of charge-offs,0.230796819896802,0.23079681989680242,TIED
FICO,2023,654 - 685,RANR $,1585660.8,1585660.8,TIED
FICO,2023,654 - 685,RANR rate,0.17674614420655,0.17674614420654966,TIED
FICO,2023,654 - 685,% of RANR,0.199189529935495,0.19918952993549519,TIED
FICO,2023,686 - 711,Loans,342,342,TIED
FICO,2023,686 - 711,% of loans,0.212158808933003,0.21215880893300249,TIED
FICO,2023,686 - 711,Bad loans,21,21,TIED
FICO,2023,686 - 711,Bad loans %,0.0614035087719298,0.06140350877192982,TIED
FICO,2023,686 - 711,Booked $,11649813.65,11649813.65,TIED
FICO,2023,686 - 711,% of booked,0.222161289239205,0.22216128923920483,TIED
FICO,2023,686 - 711,Charged off $,417203.96,417203.96,TIED
FICO,2023,686 - 711,Charge-off rate,0.0358120715518913,0.035812071551891304,TIED
FICO,2023,686 - 711,× book,0.86075815801125,0.8607581580112506,TIED
FICO,2023,686 - 711,% of charge-offs,0.203320623120916,0.20332062312091642,TIED
FICO,2023,686 - 711,RANR $,1877055.57,1877055.57,TIED
FICO,2023,686 - 711,RANR rate,0.161123227065525,0.1611232270655248,TIED
FICO,2023,686 - 711,% of RANR,0.235794324139881,0.23579432413988097,TIED
FICO,2023,712 - 745,Loans,313,313,TIED
FICO,2023,712 - 745,% of loans,0.194168734491315,0.19416873449131514,TIED
FICO,2023,712 - 745,Bad loans,14,14,TIED
FICO,2023,712 - 745,Bad loans %,0.0447284345047923,0.04472843450479233,TIED
FICO,2023,712 - 745,Booked $,10150580.64,10150580.64,TIED
FICO,2023,712 - 745,% of booked,0.193571000297409,0.1935710002974093,TIED
FICO,2023,712 - 745,Charged off $,255919.73,255919.73,TIED
FICO,2023,712 - 745,Charge-off rate,0.0253112804923155,0.025311280492315527,TIED
FICO,2023,712 - 745,× book,0.608367241249997,0.608367241249997,TIED
FICO,2023,712 - 745,% of charge-offs,0.1247201943446,0.12472019434459991,TIED
FICO,2023,712 - 745,RANR $,1248019.33,1248019.33,TIED
FICO,2023,712 - 745,RANR rate,0.12295053596067,0.12295053596066993,TIED
FICO,2023,712 - 745,% of RANR,0.156775259685496,0.1567752596854962,TIED
FICO,2023,746 - 921,Loans,332,332,TIED
FICO,2023,746 - 921,% of loans,0.205955334987593,0.20595533498759305,TIED
FICO,2023,746 - 921,Bad loans,13,13,TIED
FICO,2023,746 - 921,Bad loans %,0.0391566265060241,0.0391566265060241,TIED
FICO,2023,746 - 921,Booked $,10477830.85,10477830.85,TIED
FICO,2023,746 - 921,% of booked,0.199811643344725,0.19981164334472537,TIED
FICO,2023,746 - 921,Charged off $,222585.83,222585.83,TIED
FICO,2023,746 - 921,Charge-off rate,0.021243502895449,0.021243502895449014,TIED
FICO,2023,746 - 921,× book,0.510596500833464,0.5105965008334645,TIED
FICO,2023,746 - 921,% of charge-offs,0.108475215943507,0.10847521594350726,TIED
FICO,2023,746 - 921,RANR $,543051.83,543051.83,TIED
FICO,2023,746 - 921,RANR rate,0.0518286502019642,0.05182865020196427,TIED
FICO,2023,746 - 921,% of RANR,0.0682177668441513,0.0682177668441513,TIED
FICO,2023,(blank),Loans,0,0,TIED
FICO,2023,(blank),% of loans,0,0.0,TIED
FICO,2023,(blank),Bad loans,0,0,TIED
FICO,2023,(blank),Bad loans %,,,TIED
FICO,2023,(blank),Booked $,0,0.0,TIED
FICO,2023,(blank),% of booked,0,0.0,TIED
FICO,2023,(blank),Charged off $,0,0.0,TIED
FICO,2023,(blank),Charge-off rate,,,TIED
FICO,2023,(blank),× book,,,TIED
FICO,2023,(blank),% of charge-offs,0,0.0,TIED
FICO,2023,(blank),RANR $,0,0.0,TIED
FICO,2023,(blank),RANR rate,,,TIED
FICO,2023,(blank),% of RANR,0,0.0,TIED
FICO,2023,(marked missing),Loans,21,21,TIED
FICO,2023,(marked missing),% of loans,0.0130272952853598,0.013027295285359801,TIED
FICO,2023,(marked missing),Bad loans,0,0,TIED
FICO,2023,(marked missing),Bad loans %,0,0.0,TIED
FICO,2023,(marked missing),Booked $,761248.99,761248.99,TIED
FICO,2023,(marked missing),% of booked,0.0145169753037588,0.014516975303758834,TIED
FICO,2023,(marked missing),Charged off $,0,0.0,TIED
FICO,2023,(marked missing),Charge-off rate,0,0.0,TIED
FICO,2023,(marked missing),× book,0,0.0,TIED
FICO,2023,(marked missing),% of charge-offs,0,0.0,TIED
FICO,2023,(marked missing),RANR $,138402.35,138402.35,TIED
FICO,2023,(marked missing),RANR rate,0.181809567983795,0.18180956798379463,TIED
FICO,2023,(marked missing),% of RANR,0.0173860002331318,0.017386000233131752,TIED
FICO,2023,All,Loans,1612,1612,TIED
FICO,2023,All,% of loans,1,1.0,TIED
FICO,2023,All,Bad loans,113,113,TIED
FICO,2023,All,Bad loans %,0.0701427684667908,0.07014276846679081,TIED
FICO,2023,All,Booked $,52438539.99,52438539.99,TIED
FICO,2023,All,% of booked,1,1.0,TIED
FICO,2023,All,Charged off $,2051951.02,2051951.02,TIED
FICO,2023,All,Charge-off rate,0.0391602258879564,0.039160225887956396,TIED
FICO,2023,All,× book,0.941232451570975,0.9412324515709753,TIED
FICO,2023,All,% of charge-offs,1,1.0,TIED
FICO,2023,All,RANR $,7960562.99,7960562.99,TIED
FICO,2023,All,RANR rate,0.151807487232064,0.15180748723206394,TIED
FICO,2023,All,% of RANR,1,1.0,TIED
FICO,2024,496 - 653,Loans,330,330,TIED
FICO,2024,496 - 653,% of loans,0.190421234852856,0.1904212348528563,TIED
FICO,2024,496 - 653,Bad loans,55,55,TIED
FICO,2024,496 - 653,Bad loans %,0.166666666666667,0.16666666666666666,TIED
FICO,2024,496 - 653,Booked $,10846168.21,10846168.21,TIED
FICO,2024,496 - 653,% of booked,0.190386304894077,0.19038630489407707,TIED
FICO,2024,496 - 653,Charged off $,934582.02,934582.02,TIED
FICO,2024,496 - 653,Charge-off rate,0.0861670224824957,0.08616702248249568,TIED
FICO,2024,496 - 653,× book,2.07106052063693,2.07106052063693,TIED
FICO,2024,496 - 653,% of charge-offs,0.379106659305328,0.37910665930532783,TIED
FICO,2024,496 - 653,RANR $,1325162.84,1325162.84,TIED
FICO,2024,496 - 653,RANR rate,0.122177972380902,0.12217797238090225,TIED
FICO,2024,496 - 653,% of RANR,0.275636066414854,0.2756360664148542,TIED
FICO,2024,654 - 685,Loans,311,311,TIED
FICO,2024,654 - 685,% of loans,0.179457587997692,0.17945758799769188,TIED
FICO,2024,654 - 685,Bad loans,30,30,TIED
FICO,2024,654 - 685,Bad loans %,0.0964630225080386,0.09646302250803858,TIED
FICO,2024,654 - 685,Booked $,10154019.54,10154019.54,TIED
FICO,2024,654 - 685,% of booked,0.178236795024116,0.17823679502411627,TIED
FICO,2024,654 - 685,Charged off $,525606.36,525606.36,TIED
FICO,2024,654 - 685,Charge-off rate,0.0517633788205217,0.051763378820521753,TIED
FICO,2024,654 - 685,× book,1.24415451760254,1.2441545176025375,TIED
FICO,2024,654 - 685,% of charge-offs,0.213208543482608,0.21320854348260784,TIED
FICO,2024,654 - 685,RANR $,1055555.65,1055555.65,TIED
FICO,2024,654 - 685,RANR rate,0.103954463140614,0.10395446314061357,TIED
FICO,2024,654 - 685,% of RANR,0.21955732417608,0.2195573241760798,TIED
FICO,2024,686 - 711,Loans,333,333,TIED
FICO,2024,686 - 711,% of loans,0.192152336987882,0.19215233698788228,TIED
FICO,2024,686 - 711,Bad loans,22,22,TIED
FICO,2024,686 - 711,Bad loans %,0.0660660660660661,0.06606606606606606,TIED
FICO,2024,686 - 711,Booked $,11304462.68,11304462.68,TIED
FICO,2024,686 - 711,% of booked,0.198430896219541,0.19843089621954105,TIED
FICO,2024,686 - 711,Charged off $,374161.57,374161.57,TIED
FICO,2024,686 - 711,Charge-off rate,0.0330985718288028,0.03309857182880275,TIED
FICO,2024,686 - 711,× book,0.795538054225146,0.7955380542251462,TIED
FICO,2024,686 - 711,% of charge-offs,0.151776023727844,0.1517760237278442,TIED
FICO,2024,686 - 711,RANR $,1151482.19,1151482.19,TIED
FICO,2024,686 - 711,RANR rate,0.101860851116543,0.10186085111654329,TIED
FICO,2024,686 - 711,% of RANR,0.23951020343912,0.23951020343911977,TIED
FICO,2024,712 - 745,Loans,359,359,TIED
FICO,2024,712 - 745,% of loans,0.207155222158107,0.20715522215810733,TIED
FICO,2024,712 - 745,Bad loans,21,21,TIED
FICO,2024,712 - 745,Bad loans %,0.0584958217270195,0.0584958217270195,TIED
FICO,2024,712 - 745,Booked $,11251980,11251980.0,TIED
FICO,2024,712 - 745,% of booked,0.197509650732409,0.19750965073240895,TIED
FICO,2024,712 - 745,Charged off $,360472.14,360472.14,TIED
FICO,2024,712 - 745,Charge-off rate,0.0320363296059894,0.032036329605989344,TIED
FICO,2024,712 - 745,× book,0.770006616934628,0.7700066169346287,TIED
FICO,2024,712 - 745,% of charge-offs,0.146223002201607,0.14622300220160714,TIED
FICO,2024,712 - 745,RANR $,753572.83,753572.83,TIED
FICO,2024,712 - 745,RANR rate,0.0669724644018209,0.06697246440182084,TIED
FICO,2024,712 - 745,% of RANR,0.156744397253329,0.15674439725332898,TIED
FICO,2024,746 - 921,Loans,362,362,TIED
FICO,2024,746 - 921,% of loans,0.208886324293133,0.2088863242931333,TIED
FICO,2024,746 - 921,Bad loans,16,16,TIED
FICO,2024,746 - 921,Bad loans %,0.0441988950276243,0.04419889502762431,TIED
FICO,2024,746 - 921,Booked $,12185999.15,12185999.15,TIED
FICO,2024,746 - 921,% of booked,0.213904791507089,0.21390479150708874,TIED
FICO,2024,746 - 921,Charged off $,233160.65,233160.65,TIED
FICO,2024,746 - 921,Charge-off rate,0.0191334864814922,0.019133486481492164,TIED
FICO,2024,746 - 921,× book,0.459881371460975,0.45988137146097546,TIED
FICO,2024,746 - 921,% of charge-offs,0.0945799867869904,0.09457998678699038,TIED
FICO,2024,746 - 921,RANR $,392102.9,392102.9,TIED
FICO,2024,746 - 921,RANR rate,0.0321765080707395,0.032176508070739525,TIED
FICO,2024,746 - 921,% of RANR,0.0815580528849246,0.08155805288492464,TIED
FICO,2024,(blank),Loans,1,1,TIED
FICO,2024,(blank),% of loans,0.000577034045008656,0.0005770340450086555,TIED
FICO,2024,(blank),Bad loans,0,0,TIED
FICO,2024,(blank),Bad loans %,0,0.0,TIED
FICO,2024,(blank),Booked $,27999.47,27999.47,TIED
FICO,2024,(blank),% of booked,0.000491483769113753,0.0004914837691137526,TIED
FICO,2024,(blank),Charged off $,0,0.0,TIED
FICO,2024,(blank),Charge-off rate,0,0.0,TIED
FICO,2024,(blank),× book,0,0.0,TIED
FICO,2024,(blank),% of charge-offs,0,0.0,TIED
FICO,2024,(blank),RANR $,3928.24,3928.24,TIED
FICO,2024,(blank),RANR rate,0.140296941334961,0.14029694133496096,TIED
FICO,2024,(blank),% of RANR,0.000817080428797329,0.0008170804287973293,TIED
FICO,2024,(marked missing),Loans,37,37,TIED
FICO,2024,(marked missing),% of loans,0.0213502596653203,0.021350259665320254,TIED
FICO,2024,(marked missing),Bad loans,2,2,TIED
FICO,2024,(marked missing),Bad loans %,0.0540540540540541,0.05405405405405406,TIED
FICO,2024,(marked missing),Booked $,1198637.81,1198637.81,TIED
FICO,2024,(marked missing),% of booked,0.0210400778536542,0.021040077853654162,TIED
FICO,2024,(marked missing),Charged off $,37239.11,37239.11,TIED
FICO,2024,(marked missing),Charge-off rate,0.0310678586052613,0.03106785860526125,TIED
FICO,2024,(marked missing),× book,0.746729010291122,0.7467290102911224,TIED
FICO,2024,(marked missing),% of charge-offs,0.0151057844956226,0.015105784495622575,TIED
FICO,2024,(marked missing),RANR $,125849.36,125849.36,TIED
FICO,2024,(marked missing),RANR rate,0.104993651084643,0.10499365108464248,TIED
FICO,2024,(marked missing),% of RANR,0.0261768754028953,0.02617687540289531,TIED
FICO,2024,All,Loans,1733,1733,TIED
FICO,2024,All,% of loans,1,1.0,TIED
FICO,2024,All,Bad loans,146,146,TIED
FICO,2024,All,Bad loans %,0.0842469705712637,0.08424697057126371,TIED
FICO,2024,All,Booked $,56969266.86,56969266.86,TIED
FICO,2024,All,% of booked,1,1.0,TIED
FICO,2024,All,Charged off $,2465221.85,2465221.85,TIED
FICO,2024,All,Charge-off rate,0.043272837897988,0.043272837897988005,TIED
FICO,2024,All,× book,1.04008080590983,1.0400808059098297,TIED
FICO,2024,All,% of charge-offs,1,1.0,TIED
FICO,2024,All,RANR $,4807654.01,4807654.01,TIED
FICO,2024,All,RANR rate,0.0843903085818999,0.08439030858189983,TIED
FICO,2024,All,% of RANR,1,1.0,TIED
FICO,2025,496 - 653,Loans,334,334,TIED
FICO,2025,496 - 653,% of loans,0.196239717978848,0.19623971797884843,TIED
FICO,2025,496 - 653,Bad loans,46,46,TIED
FICO,2025,496 - 653,Bad loans %,0.137724550898204,0.1377245508982036,TIED
FICO,2025,496 - 653,Booked $,10939671.84,10939671.84,TIED
FICO,2025,496 - 653,% of booked,0.205453842623569,0.2054538426235688,TIED
FICO,2025,496 - 653,Charged off $,831393.85,831393.85,TIED
FICO,2025,496 - 653,Charge-off rate,0.0759980611996127,0.07599806119961273,TIED
FICO,2025,496 - 653,× book,1.82664527171565,1.8266452717156543,TIED
FICO,2025,496 - 653,% of charge-offs,0.378365431586719,0.3783654315867187,TIED
FICO,2025,496 - 653,RANR $,307623.85,307623.85,TIED
FICO,2025,496 - 653,RANR rate,0.0281200253992262,0.028120025399226232,TIED
FICO,2025,496 - 653,% of RANR,0.217095282281168,0.21709528228116762,TIED
FICO,2025,654 - 685,Loans,339,339,TIED
FICO,2025,654 - 685,% of loans,0.199177438307873,0.1991774383078731,TIED
FICO,2025,654 - 685,Bad loans,29,29,TIED
FICO,2025,654 - 685,Bad loans %,0.0855457227138643,0.0855457227138643,TIED
FICO,2025,654 - 685,Booked $,10373533.34,10373533.34,TIED
FICO,2025,654 - 685,% of booked,0.19482140940406,0.1948214094040598,TIED
FICO,2025,654 - 685,Charged off $,416734.49,416734.49,TIED
FICO,2025,654 - 685,Charge-off rate,0.0401728587879586,0.04017285878795855,TIED
FICO,2025,654 - 685,× book,0.965571507983405,0.9655715079834049,TIED
FICO,2025,654 - 685,% of charge-offs,0.189654909241777,0.18965490924177647,TIED
FICO,2025,654 - 685,RANR $,423667.35,423667.35,TIED
FICO,2025,654 - 685,RANR rate,0.0408411807350494,0.04084118073504933,TIED
FICO,2025,654 - 685,% of RANR,0.298989115901008,0.2989891159010078,TIED
FICO,2025,686 - 711,Loans,333,333,TIED
FICO,2025,686 - 711,% of loans,0.195652173913044,0.1956521739130435,TIED
FICO,2025,686 - 711,Bad loans,23,23,TIED
FICO,2025,686 - 711,Bad loans %,0.0690690690690691,0.06906906906906907,TIED
FICO,2025,686 - 711,Booked $,10115346.46,10115346.46,TIED
FICO,2025,686 - 711,% of booked,0.189972499181997,0.18997249918199685,TIED
FICO,2025,686 - 711,Charged off $,405064.68,405064.68,TIED
FICO,2025,686 - 711,Charge-off rate,0.0400445680829404,0.04004456808294038,TIED
FICO,2025,686 - 711,× book,0.962487987087904,0.9624879870879046,TIED
FICO,2025,686 - 711,% of charge-offs,0.184344005514037,0.1843440055140366,TIED
FICO,2025,686 - 711,RANR $,281756.74,281756.74,TIED
FICO,2025,686 - 711,RANR rate,0.0278543835462458,0.027854383546245826,TIED
FICO,2025,686 - 711,% of RANR,0.198840431276449,0.19884043127644868,TIED
FICO,2025,712 - 745,Loans,344,344,TIED
FICO,2025,712 - 745,% of loans,0.202115158636898,0.20211515863689777,TIED
FICO,2025,712 - 745,Bad loans,18,18,TIED
FICO,2025,712 - 745,Bad loans %,0.0523255813953488,0.05232558139534884,TIED
FICO,2025,712 - 745,Booked $,10961976.97,10961976.97,TIED
FICO,2025,712 - 745,% of booked,0.205872746840783,0.2058727468407833,TIED
FICO,2025,712 - 745,Charged off $,350753.83,350753.83,TIED
FICO,2025,712 - 745,Charge-off rate,0.0319973149879734,0.031997314987973376,TIED
FICO,2025,712 - 745,× book,0.769068884229322,0.7690688842293235,TIED
FICO,2025,712 - 745,% of charge-offs,0.159627262420385,0.15962726242038544,TIED
FICO,2025,712 - 745,RANR $,221530.28,221530.28,TIED
FICO,2025,712 - 745,RANR rate,0.0202089714844566,0.020208971484456602,TIED
FICO,2025,712 - 745,% of RANR,0.156337613843745,0.1563376138437449,TIED
FICO,2025,746 - 921,Loans,324,324,TIED
FICO,2025,746 - 921,% of loans,0.190364277320799,0.19036427732079905,TIED
FICO,2025,746 - 921,Bad loans,14,14,TIED
FICO,2025,746 - 921,Bad loans %,0.0432098765432099,0.043209876543209874,TIED
FICO,2025,746 - 921,Booked $,9926802.86,9926802.86,TIED
FICO,2025,746 - 921,% of booked,0.186431533082772,0.18643153308277233,TIED
FICO,2025,746 - 921,Charged off $,193383.51,193383.51,TIED
FICO,2025,746 - 921,Charge-off rate,0.0194809459528241,0.01948094595282413,TIED
FICO,2025,746 - 921,× book,0.468232705566122,0.4682327055661223,TIED
FICO,2025,746 - 921,% of charge-offs,0.0880083912370828,0.08800839123708282,TIED
FICO,2025,746 - 921,RANR $,116015.96,116015.96,TIED
FICO,2025,746 - 921,RANR rate,0.0116871425408765,0.01168714254087645,TIED
FICO,2025,746 - 921,% of RANR,0.0818743981824578,0.08187439818245774,TIED
FICO,2025,(blank),Loans,0,0,TIED
FICO,2025,(blank),% of loans,0,0.0,TIED
FICO,2025,(blank),Bad loans,0,0,TIED
FICO,2025,(blank),Bad loans %,,,TIED
FICO,2025,(blank),Booked $,0,0.0,TIED
FICO,2025,(blank),% of booked,0,0.0,TIED
FICO,2025,(blank),Charged off $,0,0.0,TIED
FICO,2025,(blank),Charge-off rate,,,TIED
FICO,2025,(blank),× book,,,TIED
FICO,2025,(blank),% of charge-offs,0,0.0,TIED
FICO,2025,(blank),RANR $,0,0.0,TIED
FICO,2025,(blank),RANR rate,,,TIED
FICO,2025,(blank),% of RANR,0,0.0,TIED
FICO,2025,(marked missing),Loans,28,28,TIED
FICO,2025,(marked missing),% of loans,0.0164512338425382,0.01645123384253819,TIED
FICO,2025,(marked missing),Bad loans,0,0,TIED
FICO,2025,(marked missing),Bad loans %,0,0.0,TIED
FICO,2025,(marked missing),Booked $,929041.05,929041.05,TIED
FICO,2025,(marked missing),% of booked,0.0174479688668189,0.017447968866818875,TIED
FICO,2025,(marked missing),Charged off $,0,0.0,TIED
FICO,2025,(marked missing),Charge-off rate,0,0.0,TIED
FICO,2025,(marked missing),× book,0,0.0,TIED
FICO,2025,(marked missing),% of charge-offs,0,0.0,TIED
FICO,2025,(marked missing),RANR $,66405.06,66405.06,TIED
FICO,2025,(marked missing),RANR rate,0.0714769923245049,0.07147699232450493,TIED
FICO,2025,(marked missing),% of RANR,0.0468631585151732,0.04686315851517323,TIED
FICO,2025,All,Loans,1702,1702,TIED
FICO,2025,All,% of loans,1,1.0,TIED
FICO,2025,All,Bad loans,130,130,TIED
FICO,2025,All,Bad loans %,0.0763807285546416,0.07638072855464159,TIED
FICO,2025,All,Booked $,53246372.52,53246372.52,TIED
FICO,2025,All,% of booked,1,1.0,TIED
FICO,2025,All,Charged off $,2197330.36,2197330.36,TIED
FICO,2025,All,Charge-off rate,0.0412672310996332,0.04126723109963322,TIED
FICO,2025,All,× book,0.991875205433876,0.9918752054338769,TIED
FICO,2025,All,% of charge-offs,1,1.0,TIED
FICO,2025,All,RANR $,1416999.24,1416999.24,TIED
FICO,2025,All,RANR rate,0.0266121272292823,0.026612127229282283,TIED
FICO,2025,All,% of RANR,1,1.0,TIED
FICO,2026,496 - 653,Loans,68,68,TIED
FICO,2026,496 - 653,% of loans,0.18230563002681,0.18230563002680966,TIED
FICO,2026,496 - 653,Bad loans,11,11,TIED
FICO,2026,496 - 653,Bad loans %,0.161764705882353,0.16176470588235295,TIED
FICO,2026,496 - 653,Booked $,2070598.7,2070598.7,TIED
FICO,2026,496 - 653,% of booked,0.175286652098795,0.17528665209879543,TIED
FICO,2026,496 - 653,Charged off $,168322.6,168322.6,TIED
FICO,2026,496 - 653,Charge-off rate,0.0812917539260505,0.08129175392605048,TIED
FICO,2026,496 - 653,× book,1.95388139637501,1.9538813963750072,TIED
FICO,2026,496 - 653,% of charge-offs,0.40647246202474,0.40647246202474013,TIED
FICO,2026,496 - 653,RANR $,-77852.13,-77852.12999999999,TIED
FICO,2026,496 - 653,RANR rate,-0.0375988500330846,-0.03759885003308463,TIED
FICO,2026,496 - 653,% of RANR,1.36083234864323,1.3608323486432252,TIED
FICO,2026,654 - 685,Loans,81,81,TIED
FICO,2026,654 - 685,% of loans,0.2171581769437,0.21715817694369974,TIED
FICO,2026,654 - 685,Bad loans,4,4,TIED
FICO,2026,654 - 685,Bad loans %,0.0493827160493827,0.04938271604938271,TIED
FICO,2026,654 - 685,Booked $,2353791.45,2353791.45,TIED
FICO,2026,654 - 685,% of booked,0.199260350646057,0.19926035064605677,TIED
FICO,2026,654 - 685,Charged off $,56559.63,56559.63,TIED
FICO,2026,654 - 685,Charge-off rate,0.0240291594227687,0.024029159422768738,TIED
FICO,2026,654 - 685,× book,0.577550923669166,0.5775509236691665,TIED
FICO,2026,654 - 685,% of charge-offs,0.136582562634538,0.13658256263453838,TIED
FICO,2026,654 - 685,RANR $,27937.94,27937.94,TIED
FICO,2026,654 - 685,RANR rate,0.0118693353228044,0.011869335322804405,TIED
FICO,2026,654 - 685,% of RANR,-0.488346979157198,-0.4883469791571985,TIED
FICO,2026,686 - 711,Loans,72,72,TIED
FICO,2026,686 - 711,% of loans,0.193029490616622,0.19302949061662197,TIED
FICO,2026,686 - 711,Bad loans,3,3,TIED
FICO,2026,686 - 711,Bad loans %,0.0416666666666667,0.041666666666666664,TIED
FICO,2026,686 - 711,Booked $,2419532.64,2419532.64,TIED
FICO,2026,686 - 711,% of booked,0.20482567486851,0.2048256748685103,TIED
FICO,2026,686 - 711,Charged off $,52200.03,52200.03,TIED
FICO,2026,686 - 711,Charge-off rate,0.02157442686948,0.021574426869480048,TIED
FICO,2026,686 - 711,× book,0.518550397326606,0.5185503973266059,TIED
FICO,2026,686 - 711,% of charge-offs,0.12605481802126,0.12605481802125973,TIED
FICO,2026,686 - 711,RANR $,27208.85,27208.85,TIED
FICO,2026,686 - 711,RANR rate,0.0112454982215078,0.011245498221507768,TIED
FICO,2026,686 - 711,% of RANR,-0.475602700264992,-0.47560270026499235,TIED
FICO,2026,712 - 745,Loans,83,83,TIED
FICO,2026,712 - 745,% of loans,0.222520107238606,0.2225201072386059,TIED
FICO,2026,712 - 745,Bad loans,4,4,TIED
FICO,2026,712 - 745,Bad loans %,0.0481927710843374,0.04819277108433735,TIED
FICO,2026,712 - 745,Booked $,2704072.86,2704072.86,TIED
FICO,2026,712 - 745,% of booked,0.22891344356616,0.22891344356616025,TIED
FICO,2026,712 - 745,Charged off $,79251.66,79251.66,TIED
FICO,2026,712 - 745,Charge-off rate,0.0293082561392225,0.029308256139222524,TIED
FICO,2026,712 - 745,× book,0.704436227107526,0.7044362271075268,TIED
FICO,2026,712 - 745,% of charge-offs,0.191380226777317,0.191380226777317,TIED
FICO,2026,712 - 745,RANR $,-14676.32,-14676.320000000002,TIED
FICO,2026,712 - 745,RANR rate,-0.00542748689101521,-0.005427486891015208,TIED
FICO,2026,712 - 745,% of RANR,0.256537759661034,0.2565377596610336,TIED
FICO,2026,746 - 921,Loans,62,62,TIED
FICO,2026,746 - 921,% of loans,0.166219839142091,0.16621983914209115,TIED
FICO,2026,746 - 921,Bad loans,3,3,TIED
FICO,2026,746 - 921,Bad loans %,0.0483870967741936,0.04838709677419355,TIED
FICO,2026,746 - 921,Booked $,1965250.21,1965250.21,TIED
FICO,2026,746 - 921,% of booked,0.166368369615684,0.16636836961568394,TIED
FICO,2026,746 - 921,Charged off $,57771.87,57771.869999999995,TIED
FICO,2026,746 - 921,Charge-off rate,0.0293966995683466,0.029396699568346566,TIED
FICO,2026,746 - 921,× book,0.706562002016434,0.7065620020164343,TIED
FICO,2026,746 - 921,% of charge-offs,0.139509930542145,0.1395099305421448,TIED
FICO,2026,746 - 921,RANR $,-25879.97,-25879.97,TIED
FICO,2026,746 - 921,RANR rate,-0.0131687913672835,-0.013168791367283458,TIED
FICO,2026,746 - 921,% of RANR,0.452374268474301,0.4523742684743014,TIED
FICO,2026,(blank),Loans,0,0,TIED
FICO,2026,(blank),% of loans,0,0.0,TIED
FICO,2026,(blank),Bad loans,0,0,TIED
FICO,2026,(blank),Bad loans %,,,TIED
FICO,2026,(blank),Booked $,0,0.0,TIED
FICO,2026,(blank),% of booked,0,0.0,TIED
FICO,2026,(blank),Charged off $,0,0.0,TIED
FICO,2026,(blank),Charge-off rate,,,TIED
FICO,2026,(blank),× book,,,TIED
FICO,2026,(blank),% of charge-offs,0,0.0,TIED
FICO,2026,(blank),RANR $,0,0.0,TIED
FICO,2026,(blank),RANR rate,,,TIED
FICO,2026,(blank),% of RANR,0,-0.0,TIED
FICO,2026,(marked missing),Loans,7,7,TIED
FICO,2026,(marked missing),% of loans,0.0187667560321716,0.01876675603217158,TIED
FICO,2026,(marked missing),Bad loans,0,0,TIED
FICO,2026,(marked missing),Bad loans %,0,0.0,TIED
FICO,2026,(marked missing),Booked $,299397.46,299397.46,TIED
FICO,2026,(marked missing),% of booked,0.0253455092047933,0.025345509204793292,TIED
FICO,2026,(marked missing),Charged off $,0,0.0,TIED
FICO,2026,(marked missing),Charge-off rate,0,0.0,TIED
FICO,2026,(marked missing),× book,0,0.0,TIED
FICO,2026,(marked missing),% of charge-offs,0,0.0,TIED
FICO,2026,(marked missing),RANR $,6052.43,6052.43,TIED
FICO,2026,(marked missing),RANR rate,0.020215368560575,0.020215368560574962,TIED
FICO,2026,(marked missing),% of RANR,-0.105794697356369,-0.10579469735636926,TIED
FICO,2026,All,Loans,373,373,TIED
FICO,2026,All,% of loans,1,1.0,TIED
FICO,2026,All,Bad loans,25,25,TIED
FICO,2026,All,Bad loans %,0.0670241286863271,0.06702412868632708,TIED
FICO,2026,All,Booked $,11812643.32,11812643.32,TIED
FICO,2026,All,% of booked,1,1.0,TIED
FICO,2026,All,Charged off $,414105.79,414105.79,TIED
FICO,2026,All,Charge-off rate,0.0350561494817064,0.03505614948170635,TIED
FICO,2026,All,× book,0.842589254048528,0.8425892540485282,TIED
FICO,2026,All,% of charge-offs,1,1.0,TIED
FICO,2026,All,RANR $,-57209.2,-57209.2,TIED
FICO,2026,All,RANR rate,-0.00484304811803968,-0.0048430481180396796,TIED
FICO,2026,All,% of RANR,1,1.0,TIED
REV_DEBT,All loans,"0 - 6,558",Loans,1601,1601,TIED
REV_DEBT,All loans,"0 - 6,558",% of loans,0.200125,0.200125,TIED
REV_DEBT,All loans,"0 - 6,558",Bad loans,65,65,TIED
REV_DEBT,All loans,"0 - 6,558",Bad loans %,0.0405996252342286,0.04059962523422861,TIED
REV_DEBT,All loans,"0 - 6,558",Booked $,52407205.85,52407205.85,TIED
REV_DEBT,All loans,"0 - 6,558",% of booked,0.20307483017086,0.20307483017086,TIED
REV_DEBT,All loans,"0 - 6,558",Charged off $,1025124.7,1025124.7,TIED
REV_DEBT,All loans,"0 - 6,558",Charge-off rate,0.0195607585516792,0.019560758551679203,TIED
REV_DEBT,All loans,"0 - 6,558",× book,0.470151034850063,0.47015103485006327,TIED
REV_DEBT,All loans,"0 - 6,558",% of charge-offs,0.0954905255956466,0.0954905255956466,TIED
REV_DEBT,All loans,"0 - 6,558",RANR $,5577570.62,5577570.62,TIED
REV_DEBT,All loans,"0 - 6,558",RANR rate,0.106427551889794,0.10642755188979418,TIED
REV_DEBT,All loans,"0 - 6,558",% of RANR,0.168862791169588,0.16886279116958797,TIED
REV_DEBT,All loans,"6,559 - 9,836",Loans,1600,1600,TIED
REV_DEBT,All loans,"6,559 - 9,836",% of loans,0.2,0.2,TIED
REV_DEBT,All loans,"6,559 - 9,836",Bad loans,63,63,TIED
REV_DEBT,All loans,"6,559 - 9,836",Bad loans %,0.039375,0.039375,TIED
REV_DEBT,All loans,"6,559 - 9,836",Booked $,51470583.09,51470583.09,TIED
REV_DEBT,All loans,"6,559 - 9,836",% of booked,0.199445472245052,0.19944547224505177,TIED
REV_DEBT,All loans,"6,559 - 9,836",Charged off $,1134456.91,1134456.91,TIED
REV_DEBT,All loans,"6,559 - 9,836",Charge-off rate,0.0220578862037718,0.022057886203771807,TIED
REV_DEBT,All loans,"6,559 - 9,836",× book,0.530170545171316,0.5301705451713162,TIED
REV_DEBT,All loans,"6,559 - 9,836",% of charge-offs,0.105674837999234,0.1056748379992338,TIED
REV_DEBT,All loans,"6,559 - 9,836",RANR $,6041978.34,6041978.34,TIED
REV_DEBT,All loans,"6,559 - 9,836",RANR rate,0.117387019483249,0.11738701948324867,TIED
REV_DEBT,All loans,"6,559 - 9,836",% of RANR,0.182922888151364,0.18292288815136395,TIED
REV_DEBT,All loans,"9,837 - 13,051",Loans,1599,1599,TIED
REV_DEBT,All loans,"9,837 - 13,051",% of loans,0.199875,0.199875,TIED
REV_DEBT,All loans,"9,837 - 13,051",Bad loans,99,99,TIED
REV_DEBT,All loans,"9,837 - 13,051",Bad loans %,0.0619524405506884,0.06195244055068836,TIED
REV_DEBT,All loans,"9,837 - 13,051",Booked $,52110219.03,52110219.03,TIED
REV_DEBT,All loans,"9,837 - 13,051",% of booked,0.201924023768261,0.20192402376826138,TIED
REV_DEBT,All loans,"9,837 - 13,051",Charged off $,1682414.12,1682414.12,TIED
REV_DEBT,All loans,"9,837 - 13,051",Charge-off rate,0.0322856850598043,0.03228568505980429,TIED
REV_DEBT,All loans,"9,837 - 13,051",× book,0.775999979837547,0.7759999798375483,TIED
REV_DEBT,All loans,"9,837 - 13,051",% of charge-offs,0.156717137523208,0.15671713752320793,TIED
REV_DEBT,All loans,"9,837 - 13,051",RANR $,6847531.61999999,6847531.62,TIED
REV_DEBT,All loans,"9,837 - 13,051",RANR rate,0.131404775252582,0.13140477525258254,TIED
REV_DEBT,All loans,"9,837 - 13,051",% of RANR,0.207311279543281,0.20731127954328088,TIED
REV_DEBT,All loans,"13,052 - 17,186",Loans,1600,1600,TIED
REV_DEBT,All loans,"13,052 - 17,186",% of loans,0.2,0.2,TIED
REV_DEBT,All loans,"13,052 - 17,186",Bad loans,149,149,TIED
REV_DEBT,All loans,"13,052 - 17,186",Bad loans %,0.093125,0.093125,TIED
REV_DEBT,All loans,"13,052 - 17,186",Booked $,51298005.35,51298005.35,TIED
REV_DEBT,All loans,"13,052 - 17,186",% of booked,0.198776743686195,0.19877674368619516,TIED
REV_DEBT,All loans,"13,052 - 17,186",Charged off $,2648363.9,2648363.9,TIED
REV_DEBT,All loans,"13,052 - 17,186",Charge-off rate,0.0516270346562315,0.051627034656231516,TIED
REV_DEBT,All loans,"13,052 - 17,186",× book,1.24087742843611,1.2408774284361095,TIED
REV_DEBT,All loans,"13,052 - 17,186",% of charge-offs,0.246695510097002,0.2466955100970023,TIED
REV_DEBT,All loans,"13,052 - 17,186",RANR $,7138502.38,7138502.38,TIED
REV_DEBT,All loans,"13,052 - 17,186",RANR rate,0.139157503908678,0.1391575039086778,TIED
REV_DEBT,All loans,"13,052 - 17,186",% of RANR,0.216120515325281,0.21612051532528093,TIED
REV_DEBT,All loans,"17,187 - 48,521",Loans,1600,1600,TIED
REV_DEBT,All loans,"17,187 - 48,521",% of loans,0.2,0.2,TIED
REV_DEBT,All loans,"17,187 - 48,521",Bad loans,243,243,TIED
REV_DEBT,All loans,"17,187 - 48,521",Bad loans %,0.151875,0.151875,TIED
REV_DEBT,All loans,"17,187 - 48,521",Booked $,50782432.71,50782432.71,TIED
REV_DEBT,All loans,"17,187 - 48,521",% of booked,0.196778930129632,0.1967789301296317,TIED
REV_DEBT,All loans,"17,187 - 48,521",Charged off $,4244995.46,4244995.46,TIED
REV_DEBT,All loans,"17,187 - 48,521",Charge-off rate,0.0835918098733399,0.08359180987333996,TIED
REV_DEBT,All loans,"17,187 - 48,521",× book,2.00916420562671,2.009164205626715,TIED
REV_DEBT,All loans,"17,187 - 48,521",% of charge-offs,0.39542198878491,0.3954219887849094,TIED
REV_DEBT,All loans,"17,187 - 48,521",RANR $,7424610.25999999,7424610.26,TIED
REV_DEBT,All loans,"17,187 - 48,521",RANR rate,0.146204304594844,0.14620430459484382,TIED
REV_DEBT,All loans,"17,187 - 48,521",% of RANR,0.224782525810486,0.2247825258104863,TIED
REV_DEBT,All loans,All,Loans,8000,8000,TIED
REV_DEBT,All loans,All,% of loans,1,1.0,TIED
REV_DEBT,All loans,All,Bad loans,619,619,TIED
REV_DEBT,All loans,All,Bad loans %,0.0773846730841355,0.07738467308413552,TIED
REV_DEBT,All loans,All,Booked $,258068446.03,258068446.03,TIED
REV_DEBT,All loans,All,% of booked,1,1.0,TIED
REV_DEBT,All loans,All,Charged off $,10735355.09,10735355.09,TIED
REV_DEBT,All loans,All,Charge-off rate,0.0416052653333356,0.04160526533333562,TIED
REV_DEBT,All loans,All,× book,0.999999999999999,1.0,TIED
REV_DEBT,All loans,All,% of charge-offs,1,1.0,TIED
REV_DEBT,All loans,All,RANR $,33030193.22,33030193.22,TIED
REV_DEBT,All loans,All,RANR rate,0.127990049648148,0.12799004964814759,TIED
REV_DEBT,All loans,All,% of RANR,1,1.0,TIED
REV_DEBT,2021,"0 - 6,558",Loans,174,174,TIED
REV_DEBT,2021,"0 - 6,558",% of loans,0.207389749702026,0.20738974970202623,TIED
REV_DEBT,2021,"0 - 6,558",Bad loans,7,7,TIED
REV_DEBT,2021,"0 - 6,558",Bad loans %,0.0402298850574713,0.040229885057471264,TIED
REV_DEBT,2021,"0 - 6,558",Booked $,5852801.28,5852801.28,TIED
REV_DEBT,2021,"0 - 6,558",% of booked,0.213858728652551,0.21385872865255132,TIED
REV_DEBT,2021,"0 - 6,558",Charged off $,83867.27,83867.27,TIED
REV_DEBT,2021,"0 - 6,558",Charge-off rate,0.0143294238071244,0.014329423807124372,TIED
REV_DEBT,2021,"0 - 6,558",× book,0.344413710435903,0.34441371043590313,TIED
REV_DEBT,2021,"0 - 6,558",% of charge-offs,0.079601449042205,0.079601449042205,TIED
REV_DEBT,2021,"0 - 6,558",RANR $,1288383.01,1288383.01,TIED
REV_DEBT,2021,"0 - 6,558",RANR rate,0.220131001953308,0.22013100195330737,TIED
REV_DEBT,2021,"0 - 6,558",% of RANR,0.182818620259583,0.18281862025958273,TIED
REV_DEBT,2021,"6,559 - 9,836",Loans,173,173,TIED
REV_DEBT,2021,"6,559 - 9,836",% of loans,0.206197854588796,0.2061978545887962,TIED
REV_DEBT,2021,"6,559 - 9,836",Bad loans,10,10,TIED
REV_DEBT,2021,"6,559 - 9,836",Bad loans %,0.0578034682080925,0.057803468208092484,TIED
REV_DEBT,2021,"6,559 - 9,836",Booked $,5563221.88,5563221.88,TIED
REV_DEBT,2021,"6,559 - 9,836",% of booked,0.20327762750709,0.20327762750708947,TIED
REV_DEBT,2021,"6,559 - 9,836",Charged off $,180958.72,180958.72,TIED
REV_DEBT,2021,"6,559 - 9,836",Charge-off rate,0.0325276834006125,0.032527683400612455,TIED
REV_DEBT,2021,"6,559 - 9,836",× book,0.781816511444048,0.7818165114440484,TIED
REV_DEBT,2021,"6,559 - 9,836",% of charge-offs,0.171754444002084,0.17175444400208378,TIED
REV_DEBT,2021,"6,559 - 9,836",RANR $,1229193.33,1229193.33,TIED
REV_DEBT,2021,"6,559 - 9,836",RANR rate,0.220949902145553,0.22094990214555313,TIED
REV_DEBT,2021,"6,559 - 9,836",% of RANR,0.174419739222486,0.17441973922248633,TIED
REV_DEBT,2021,"9,837 - 13,051",Loans,179,179,TIED
REV_DEBT,2021,"9,837 - 13,051",% of loans,0.213349225268176,0.2133492252681764,TIED
REV_DEBT,2021,"9,837 - 13,051",Bad loans,6,6,TIED
REV_DEBT,2021,"9,837 - 13,051",Bad loans %,0.0335195530726257,0.0335195530726257,TIED
REV_DEBT,2021,"9,837 - 13,051",Booked $,6039931.37,6039931.37,TIED
REV_DEBT,2021,"9,837 - 13,051",% of booked,0.220696378049053,0.2206963780490532,TIED
REV_DEBT,2021,"9,837 - 13,051",Charged off $,87943.58,87943.58,TIED
REV_DEBT,2021,"9,837 - 13,051",Charge-off rate,0.0145603608075434,0.014560360807543414,TIED
REV_DEBT,2021,"9,837 - 13,051",× book,0.349964378087432,0.34996437808743247,TIED
REV_DEBT,2021,"9,837 - 13,051",% of charge-offs,0.083470421798147,0.08347042179814697,TIED
REV_DEBT,2021,"9,837 - 13,051",RANR $,1594034.55,1594034.55,TIED
REV_DEBT,2021,"9,837 - 13,051",RANR rate,0.263916003734327,0.2639160037343272,TIED
REV_DEBT,2021,"9,837 - 13,051",% of RANR,0.22618987895308,0.22618987895308,TIED
REV_DEBT,2021,"13,052 - 17,186",Loans,163,163,TIED
REV_DEBT,2021,"13,052 - 17,186",% of loans,0.194278903456496,0.19427890345649582,TIED
REV_DEBT,2021,"13,052 - 17,186",Bad loans,11,11,TIED
REV_DEBT,2021,"13,052 - 17,186",Bad loans %,0.0674846625766871,0.06748466257668712,TIED
REV_DEBT,2021,"13,052 - 17,186",Booked $,5222292.68,5222292.68,TIED
REV_DEBT,2021,"13,052 - 17,186",% of booked,0.190820227745085,0.190820227745085,TIED
REV_DEBT,2021,"13,052 - 17,186",Charged off $,192576.93,192576.93,TIED
REV_DEBT,2021,"13,052 - 17,186",Charge-off rate,0.0368759358772668,0.03687593587726684,TIED
REV_DEBT,2021,"13,052 - 17,186",× book,0.886328583217098,0.886328583217099,TIED
REV_DEBT,2021,"13,052 - 17,186",% of charge-offs,0.182781705903856,0.1827817059038559,TIED
REV_DEBT,2021,"13,052 - 17,186",RANR $,1575243.97,1575243.97,TIED
REV_DEBT,2021,"13,052 - 17,186",RANR rate,0.301638392660903,0.30163839266090314,TIED
REV_DEBT,2021,"13,052 - 17,186",% of RANR,0.223523538367389,0.2235235383673893,TIED
REV_DEBT,2021,"17,187 - 48,521",Loans,150,150,TIED
REV_DEBT,2021,"17,187 - 48,521",% of loans,0.178784266984505,0.17878426698450536,TIED
REV_DEBT,2021,"17,187 - 48,521",Bad loans,26,26,TIED
REV_DEBT,2021,"17,187 - 48,521",Bad loans %,0.173333333333333,0.17333333333333334,TIED
REV_DEBT,2021,"17,187 - 48,521",Booked $,4689358.11,4689358.11,TIED
REV_DEBT,2021,"17,187 - 48,521",% of booked,0.171347038046221,0.171347038046221,TIED
REV_DEBT,2021,"17,187 - 48,521",Charged off $,508243.24,508243.24,TIED
REV_DEBT,2021,"17,187 - 48,521",Charge-off rate,0.10838226215144,0.10838226215143973,TIED
REV_DEBT,2021,"17,187 - 48,521",× book,2.6050131223319,2.605013122331899,TIED
REV_DEBT,2021,"17,187 - 48,521",% of charge-offs,0.482391979253708,0.48239197925370836,TIED
REV_DEBT,2021,"17,187 - 48,521",RANR $,1360474.39,1360474.39,TIED
REV_DEBT,2021,"17,187 - 48,521",RANR rate,0.290119534078407,0.2901195340784071,TIED
REV_DEBT,2021,"17,187 - 48,521",% of RANR,0.193048223197462,0.19304822319746162,TIED
REV_DEBT,2021,All,Loans,839,839,TIED
REV_DEBT,2021,All,% of loans,1,1.0,TIED
REV_DEBT,2021,All,Bad loans,60,60,TIED
REV_DEBT,2021,All,Bad loans %,0.0715137067938022,0.07151370679380215,TIED
REV_DEBT,2021,All,Booked $,27367605.32,27367605.32,TIED
REV_DEBT,2021,All,% of booked,1,1.0,TIED
REV_DEBT,2021,All,Charged off $,1053589.74,1053589.74,TIED
REV_DEBT,2021,All,Charge-off rate,0.0384976956398171,0.03849769563981713,TIED
REV_DEBT,2021,All,× book,0.925308259216205,0.9253082592162056,TIED
REV_DEBT,2021,All,% of charge-offs,1,1.0,TIED
REV_DEBT,2021,All,RANR $,7047329.25,7047329.25,TIED
REV_DEBT,2021,All,RANR rate,0.257506243882064,0.2575062438820643,TIED
REV_DEBT,2021,All,% of RANR,1,1.0,TIED
REV_DEBT,2022,"0 - 6,558",Loans,334,334,TIED
REV_DEBT,2022,"0 - 6,558",% of loans,0.191843767949454,0.19184376794945435,TIED
REV_DEBT,2022,"0 - 6,558",Bad loans,11,11,TIED
REV_DEBT,2022,"0 - 6,558",Bad loans %,0.032934131736527,0.03293413173652695,TIED
REV_DEBT,2022,"0 - 6,558",Booked $,10674673.02,10674673.02,TIED
REV_DEBT,2022,"0 - 6,558",% of booked,0.189825898910576,0.18982589891057547,TIED
REV_DEBT,2022,"0 - 6,558",Charged off $,129664.32,129664.31999999999,TIED
REV_DEBT,2022,"0 - 6,558",Charge-off rate,0.0121469125805598,0.012146912580559775,TIED
REV_DEBT,2022,"0 - 6,558",× book,0.291956137840737,0.2919561378407371,TIED
REV_DEBT,2022,"0 - 6,558",% of charge-offs,0.0507858913598134,0.050785891359813436,TIED
REV_DEBT,2022,"0 - 6,558",RANR $,1870700.43,1870700.43,TIED
REV_DEBT,2022,"0 - 6,558",RANR rate,0.175246625961757,0.1752466259617571,TIED
REV_DEBT,2022,"0 - 6,558",% of RANR,0.157800337958191,0.1578003379581908,TIED
REV_DEBT,2022,"6,559 - 9,836",Loans,324,324,TIED
REV_DEBT,2022,"6,559 - 9,836",% of loans,0.186099942561746,0.1860999425617461,TIED
REV_DEBT,2022,"6,559 - 9,836",Bad loans,10,10,TIED
REV_DEBT,2022,"6,559 - 9,836",Bad loans %,0.0308641975308642,0.030864197530864196,TIED
REV_DEBT,2022,"6,559 - 9,836",Booked $,10491098.24,10491098.24,TIED
REV_DEBT,2022,"6,559 - 9,836",% of booked,0.186561419748964,0.18656141974896354,TIED
REV_DEBT,2022,"6,559 - 9,836",Charged off $,220171.49,220171.49,TIED
REV_DEBT,2022,"6,559 - 9,836",Charge-off rate,0.0209865054128022,0.020986505412802232,TIED
REV_DEBT,2022,"6,559 - 9,836",× book,0.504419458562787,0.5044194585627867,TIED
REV_DEBT,2022,"6,559 - 9,836",% of charge-offs,0.0862350211042502,0.0862350211042502,TIED
REV_DEBT,2022,"6,559 - 9,836",RANR $,1929298.06,1929298.06,TIED
REV_DEBT,2022,"6,559 - 9,836",RANR rate,0.18389857914437,0.1838985791443699,TIED
REV_DEBT,2022,"6,559 - 9,836",% of RANR,0.162743259694489,0.1627432596944888,TIED
REV_DEBT,2022,"9,837 - 13,051",Loans,364,364,TIED
REV_DEBT,2022,"9,837 - 13,051",% of loans,0.209075244112579,0.20907524411257897,TIED
REV_DEBT,2022,"9,837 - 13,051",Bad loans,28,28,TIED
REV_DEBT,2022,"9,837 - 13,051",Bad loans %,0.0769230769230769,0.07692307692307693,TIED
REV_DEBT,2022,"9,837 - 13,051",Booked $,11727554.41,11727554.41,TIED
REV_DEBT,2022,"9,837 - 13,051",% of booked,0.208549110003646,0.20854911000364615,TIED
REV_DEBT,2022,"9,837 - 13,051",Charged off $,520029.86,520029.86,TIED
REV_DEBT,2022,"9,837 - 13,051",Charge-off rate,0.0443425663884855,0.044342566388485424,TIED
REV_DEBT,2022,"9,837 - 13,051",× book,1.0657921787836,1.0657921787835969,TIED
REV_DEBT,2022,"9,837 - 13,051",% of charge-offs,0.203681166675759,0.20368116667575933,TIED
REV_DEBT,2022,"9,837 - 13,051",RANR $,2320238.86,2320238.86,TIED
REV_DEBT,2022,"9,837 - 13,051",RANR rate,0.197845073140019,0.19784507314001878,TIED
REV_DEBT,2022,"9,837 - 13,051",% of RANR,0.195720528193671,0.19572052819367092,TIED
REV_DEBT,2022,"13,052 - 17,186",Loans,359,359,TIED
REV_DEBT,2022,"13,052 - 17,186",% of loans,0.206203331418725,0.20620333141872488,TIED
REV_DEBT,2022,"13,052 - 17,186",Bad loans,38,38,TIED
REV_DEBT,2022,"13,052 - 17,186",Bad loans %,0.105849582172702,0.10584958217270195,TIED
REV_DEBT,2022,"13,052 - 17,186",Booked $,11461304.83,11461304.83,TIED
REV_DEBT,2022,"13,052 - 17,186",% of booked,0.203814438902867,0.20381443890286677,TIED
REV_DEBT,2022,"13,052 - 17,186",Charged off $,653171.47,653171.47,TIED
REV_DEBT,2022,"13,052 - 17,186",Charge-off rate,0.0569892764993321,0.05698927649933205,TIED
REV_DEBT,2022,"13,052 - 17,186",× book,1.36976115986142,1.369761159861423,TIED
REV_DEBT,2022,"13,052 - 17,186",% of charge-offs,0.25582901537408,0.2558290153740801,TIED
REV_DEBT,2022,"13,052 - 17,186",RANR $,2691896.9,2691896.9,TIED
REV_DEBT,2022,"13,052 - 17,186",RANR rate,0.234868275464932,0.23486827546493239,TIED
REV_DEBT,2022,"13,052 - 17,186",% of RANR,0.227071226240433,0.2270712262404334,TIED
REV_DEBT,2022,"17,187 - 48,521",Loans,360,360,TIED
REV_DEBT,2022,"17,187 - 48,521",% of loans,0.206777713957496,0.2067777139574957,TIED
REV_DEBT,2022,"17,187 - 48,521",Bad loans,58,58,TIED
REV_DEBT,2022,"17,187 - 48,521",Bad loans %,0.161111111111111,0.16111111111111112,TIED
REV_DEBT,2022,"17,187 - 48,521",Booked $,11879387.52,11879387.52,TIED
REV_DEBT,2022,"17,187 - 48,521",% of booked,0.211249132433948,0.21124913243394802,TIED
REV_DEBT,2022,"17,187 - 48,521",Charged off $,1030119.19,1030119.1900000001,TIED
REV_DEBT,2022,"17,187 - 48,521",Charge-off rate,0.086714840160379,0.08671484016037892,TIED
REV_DEBT,2022,"17,187 - 48,521",× book,2.08422754825938,2.0842275482593764,TIED
REV_DEBT,2022,"17,187 - 48,521",% of charge-offs,0.403468905486097,0.4034689054860969,TIED
REV_DEBT,2022,"17,187 - 48,521",RANR $,3042722.68,3042722.68,TIED
REV_DEBT,2022,"17,187 - 48,521",RANR rate,0.256134642874248,0.25613464287424814,TIED
REV_DEBT,2022,"17,187 - 48,521",% of RANR,0.256664647913216,0.25666464791321614,TIED
REV_DEBT,2022,All,Loans,1741,1741,TIED
REV_DEBT,2022,All,% of loans,1,1.0,TIED
REV_DEBT,2022,All,Bad loans,145,145,TIED
REV_DEBT,2022,All,Bad loans %,0.0832854681217691,0.0832854681217691,TIED
REV_DEBT,2022,All,Booked $,56234018.02,56234018.02,TIED
REV_DEBT,2022,All,% of booked,1,1.0,TIED
REV_DEBT,2022,All,Charged off $,2553156.33,2553156.33,TIED
REV_DEBT,2022,All,Charge-off rate,0.0454023457667911,0.04540234576679107,TIED
REV_DEBT,2022,All,× book,1.09126442057354,1.0912644205735444,TIED
REV_DEBT,2022,All,% of charge-offs,1,1.0,TIED
REV_DEBT,2022,All,RANR $,11854856.93,11854856.93,TIED
REV_DEBT,2022,All,RANR rate,0.210812909114617,0.2108129091146171,TIED
REV_DEBT,2022,All,% of RANR,1,1.0,TIED
REV_DEBT,2023,"0 - 6,558",Loans,311,311,TIED
REV_DEBT,2023,"0 - 6,558",% of loans,0.192928039702233,0.19292803970223324,TIED
REV_DEBT,2023,"0 - 6,558",Bad loans,11,11,TIED
REV_DEBT,2023,"0 - 6,558",Bad loans %,0.0353697749196142,0.03536977491961415,TIED
REV_DEBT,2023,"0 - 6,558",Booked $,10099918.05,10099918.05,TIED
REV_DEBT,2023,"0 - 6,558",% of booked,0.192604867563553,0.19260486756355247,TIED
REV_DEBT,2023,"0 - 6,558",Charged off $,190339.26,190339.26,TIED
REV_DEBT,2023,"0 - 6,558",Charge-off rate,0.0188456241979112,0.01884562419791119,TIED
REV_DEBT,2023,"0 - 6,558",× book,0.452962480756285,0.45296248075628553,TIED
REV_DEBT,2023,"0 - 6,558",% of charge-offs,0.0927601381050509,0.09276013810505088,TIED
REV_DEBT,2023,"0 - 6,558",RANR $,1237767.75,1237767.75,TIED
REV_DEBT,2023,"0 - 6,558",RANR rate,0.122552256748261,0.12255225674826142,TIED
REV_DEBT,2023,"0 - 6,558",% of RANR,0.155487463833258,0.15548746383325834,TIED
REV_DEBT,2023,"6,559 - 9,836",Loans,343,343,TIED
REV_DEBT,2023,"6,559 - 9,836",% of loans,0.212779156327543,0.21277915632754343,TIED
REV_DEBT,2023,"6,559 - 9,836",Bad loans,12,12,TIED
REV_DEBT,2023,"6,559 - 9,836",Bad loans %,0.0349854227405248,0.03498542274052478,TIED
REV_DEBT,2023,"6,559 - 9,836",Booked $,10929560.7,10929560.7,TIED
REV_DEBT,2023,"6,559 - 9,836",% of booked,0.20842610610601,0.2084261061060102,TIED
REV_DEBT,2023,"6,559 - 9,836",Charged off $,242682.04,242682.04,TIED
REV_DEBT,2023,"6,559 - 9,836",Charge-off rate,0.022285105356849,0.02228510535684902,TIED
REV_DEBT,2023,"6,559 - 9,836",× book,0.535631852802856,0.5356318528028566,TIED
REV_DEBT,2023,"6,559 - 9,836",% of charge-offs,0.118268924372279,0.11826892437227864,TIED
REV_DEBT,2023,"6,559 - 9,836",RANR $,1523507.56,1523507.56,TIED
REV_DEBT,2023,"6,559 - 9,836",RANR rate,0.139393302422484,0.13939330242248438,TIED
REV_DEBT,2023,"6,559 - 9,836",% of RANR,0.191381886169837,0.19138188616983734,TIED
REV_DEBT,2023,"9,837 - 13,051",Loans,326,326,TIED
REV_DEBT,2023,"9,837 - 13,051",% of loans,0.202233250620347,0.2022332506203474,TIED
REV_DEBT,2023,"9,837 - 13,051",Bad loans,24,24,TIED
REV_DEBT,2023,"9,837 - 13,051",Bad loans %,0.0738461538461539,0.07384615384615385,TIED
REV_DEBT,2023,"9,837 - 13,051",Booked $,10538729.31,10538729.31,TIED
REV_DEBT,2023,"9,837 - 13,051",% of booked,0.200972973542164,0.2009729735421644,TIED
REV_DEBT,2023,"9,837 - 13,051",Charged off $,396651.34,396651.34,TIED
REV_DEBT,2023,"9,837 - 13,051",Charge-off rate,0.0376374919909581,0.03763749199095806,TIED
REV_DEBT,2023,"9,837 - 13,051",× book,0.904632903778204,0.9046329037782044,TIED
REV_DEBT,2023,"9,837 - 13,051",% of charge-offs,0.193304487355649,0.19330448735564848,TIED
REV_DEBT,2023,"9,837 - 13,051",RANR $,1503427.48,1503427.48,TIED
REV_DEBT,2023,"9,837 - 13,051",RANR rate,0.142657376973657,0.14265737697365716,TIED
REV_DEBT,2023,"9,837 - 13,051",% of RANR,0.188859441460183,0.18885944146018244,TIED
REV_DEBT,2023,"13,052 - 17,186",Loans,309,309,TIED
REV_DEBT,2023,"13,052 - 17,186",% of loans,0.191687344913151,0.19168734491315137,TIED
REV_DEBT,2023,"13,052 - 17,186",Bad loans,29,29,TIED
REV_DEBT,2023,"13,052 - 17,186",Bad loans %,0.0938511326860841,0.09385113268608414,TIED
REV_DEBT,2023,"13,052 - 17,186",Booked $,10310626.37,10310626.37,TIED
REV_DEBT,2023,"13,052 - 17,186",% of booked,0.196623063341699,0.19662306334169924,TIED
REV_DEBT,2023,"13,052 - 17,186",Charged off $,571801.33,571801.33,TIED
REV_DEBT,2023,"13,052 - 17,186",Charge-off rate,0.0554574775072564,0.05545747750725643,TIED
REV_DEBT,2023,"13,052 - 17,186",× book,1.3329437287069,1.332943728706903,TIED
REV_DEBT,2023,"13,052 - 17,186",% of charge-offs,0.278662270408384,0.27866227040838426,TIED
REV_DEBT,2023,"13,052 - 17,186",RANR $,1602877.76,1602877.76,TIED
REV_DEBT,2023,"13,052 - 17,186",RANR rate,0.155458815253336,0.15545881525333557,TIED
REV_DEBT,2023,"13,052 - 17,186",% of RANR,0.201352311640964,0.20135231164096348,TIED
REV_DEBT,2023,"17,187 - 48,521",Loans,323,323,TIED
REV_DEBT,2023,"17,187 - 48,521",% of loans,0.200372208436725,0.20037220843672457,TIED
REV_DEBT,2023,"17,187 - 48,521",Bad loans,37,37,TIED
REV_DEBT,2023,"17,187 - 48,521",Bad loans %,0.114551083591331,0.11455108359133127,TIED
REV_DEBT,2023,"17,187 - 48,521",Booked $,10559705.56,10559705.56,TIED
REV_DEBT,2023,"17,187 - 48,521",% of booked,0.201372989446574,0.20137298944657364,TIED
REV_DEBT,2023,"17,187 - 48,521",Charged off $,650477.05,650477.05,TIED
REV_DEBT,2023,"17,187 - 48,521",Charge-off rate,0.0615999230569455,0.06159992305694554,TIED
REV_DEBT,2023,"17,187 - 48,521",× book,1.48057998340872,1.4805799834087223,TIED
REV_DEBT,2023,"17,187 - 48,521",% of charge-offs,0.317004179758638,0.3170041797586377,TIED
REV_DEBT,2023,"17,187 - 48,521",RANR $,2092982.44,2092982.44,TIED
REV_DEBT,2023,"17,187 - 48,521",RANR rate,0.198204621152335,0.19820462115233448,TIED
REV_DEBT,2023,"17,187 - 48,521",% of RANR,0.262918896895758,0.26291889689575837,TIED
REV_DEBT,2023,All,Loans,1612,1612,TIED
REV_DEBT,2023,All,% of loans,1,1.0,TIED
REV_DEBT,2023,All,Bad loans,113,113,TIED
REV_DEBT,2023,All,Bad loans %,0.0701427684667908,0.07014276846679081,TIED
REV_DEBT,2023,All,Booked $,52438539.99,52438539.99,TIED
REV_DEBT,2023,All,% of booked,1,1.0,TIED
REV_DEBT,2023,All,Charged off $,2051951.02,2051951.02,TIED
REV_DEBT,2023,All,Charge-off rate,0.0391602258879564,0.039160225887956396,TIED
REV_DEBT,2023,All,× book,0.941232451570975,0.9412324515709753,TIED
REV_DEBT,2023,All,% of charge-offs,1,1.0,TIED
REV_DEBT,2023,All,RANR $,7960562.99,7960562.99,TIED
REV_DEBT,2023,All,RANR rate,0.151807487232064,0.15180748723206394,TIED
REV_DEBT,2023,All,% of RANR,1,1.0,TIED
REV_DEBT,2024,"0 - 6,558",Loans,364,364,TIED
REV_DEBT,2024,"0 - 6,558",% of loans,0.210040392383151,0.21004039238315061,TIED
REV_DEBT,2024,"0 - 6,558",Bad loans,19,19,TIED
REV_DEBT,2024,"0 - 6,558",Bad loans %,0.0521978021978022,0.0521978021978022,TIED
REV_DEBT,2024,"0 - 6,558",Booked $,12450737.59,12450737.59,TIED
REV_DEBT,2024,"0 - 6,558",% of booked,0.218551831123213,0.21855183112321344,TIED
REV_DEBT,2024,"0 - 6,558",Charged off $,348681.58,348681.58,TIED
REV_DEBT,2024,"0 - 6,558",Charge-off rate,0.0280048934835836,0.028004893483583572,TIED
REV_DEBT,2024,"0 - 6,558",× book,0.673109359097033,0.6731093590970337,TIED
REV_DEBT,2024,"0 - 6,558",% of charge-offs,0.141440244008871,0.14144024400887084,TIED
REV_DEBT,2024,"0 - 6,558",RANR $,834105.53,834105.53,TIED
REV_DEBT,2024,"0 - 6,558",RANR rate,0.066992459199359,0.06699245919935896,TIED
REV_DEBT,2024,"0 - 6,558",% of RANR,0.173495332289937,0.1734953322899374,TIED
REV_DEBT,2024,"6,559 - 9,836",Loans,340,340,TIED
REV_DEBT,2024,"6,559 - 9,836",% of loans,0.196191575302943,0.19619157530294287,TIED
REV_DEBT,2024,"6,559 - 9,836",Bad loans,12,12,TIED
REV_DEBT,2024,"6,559 - 9,836",Bad loans %,0.0352941176470588,0.03529411764705882,TIED
REV_DEBT,2024,"6,559 - 9,836",Booked $,11242100.44,11242100.44,TIED
REV_DEBT,2024,"6,559 - 9,836",% of booked,0.197336231614619,0.19733623161461902,TIED
REV_DEBT,2024,"6,559 - 9,836",Charged off $,160343.49,160343.49,TIED
REV_DEBT,2024,"6,559 - 9,836",Charge-off rate,0.0142627697426977,0.014262769742697655,TIED
REV_DEBT,2024,"6,559 - 9,836",× book,0.342811652045151,0.3428116520451515,TIED
REV_DEBT,2024,"6,559 - 9,836",% of charge-offs,0.0650422151661523,0.06504221516615229,TIED
REV_DEBT,2024,"6,559 - 9,836",RANR $,988129.1,988129.1,TIED
REV_DEBT,2024,"6,559 - 9,836",RANR rate,0.0878954164547564,0.08789541645475639,TIED
REV_DEBT,2024,"6,559 - 9,836",% of RANR,0.205532490055373,0.2055324900553732,TIED
REV_DEBT,2024,"9,837 - 13,051",Loans,333,333,TIED
REV_DEBT,2024,"9,837 - 13,051",% of loans,0.192152336987882,0.19215233698788228,TIED
REV_DEBT,2024,"9,837 - 13,051",Bad loans,18,18,TIED
REV_DEBT,2024,"9,837 - 13,051",Bad loans %,0.0540540540540541,0.05405405405405406,TIED
REV_DEBT,2024,"9,837 - 13,051",Booked $,11119619.47,11119619.47,TIED
REV_DEBT,2024,"9,837 - 13,051",% of booked,0.195186283462732,0.19518628346273229,TIED
REV_DEBT,2024,"9,837 - 13,051",Charged off $,280272.89,280272.89,TIED
REV_DEBT,2024,"9,837 - 13,051",Charge-off rate,0.0252052591148607,0.025205259114860698,TIED
REV_DEBT,2024,"9,837 - 13,051",× book,0.605818972981416,0.6058189729814161,TIED
REV_DEBT,2024,"9,837 - 13,051",% of charge-offs,0.11369073740767,0.11369073740766983,TIED
REV_DEBT,2024,"9,837 - 13,051",RANR $,1072820.11,1072820.11,TIED
REV_DEBT,2024,"9,837 - 13,051",RANR rate,0.0964799301715674,0.09647993017156728,TIED
REV_DEBT,2024,"9,837 - 13,051",% of RANR,0.223148360461988,0.2231483604619876,TIED
REV_DEBT,2024,"13,052 - 17,186",Loans,342,342,TIED
REV_DEBT,2024,"13,052 - 17,186",% of loans,0.19734564339296,0.19734564339296018,TIED
REV_DEBT,2024,"13,052 - 17,186",Bad loans,37,37,TIED
REV_DEBT,2024,"13,052 - 17,186",Bad loans %,0.108187134502924,0.10818713450292397,TIED
REV_DEBT,2024,"13,052 - 17,186",Booked $,11157230.7,11157230.7,TIED
REV_DEBT,2024,"13,052 - 17,186",% of booked,0.195846485569465,0.19584648556946516,TIED
REV_DEBT,2024,"13,052 - 17,186",Charged off $,627265.75,627265.75,TIED
REV_DEBT,2024,"13,052 - 17,186",Charge-off rate,0.0562205592826901,0.056220559282690104,TIED
REV_DEBT,2024,"13,052 - 17,186",× book,1.35128471918779,1.3512847191877946,TIED
REV_DEBT,2024,"13,052 - 17,186",% of charge-offs,0.254445963960607,0.2544459639606066,TIED
REV_DEBT,2024,"13,052 - 17,186",RANR $,996515.05,996515.05,TIED
REV_DEBT,2024,"13,052 - 17,186",RANR rate,0.0893156265021929,0.0893156265021929,TIED
REV_DEBT,2024,"13,052 - 17,186",% of RANR,0.20727678155026,0.20727678155025972,TIED
REV_DEBT,2024,"17,187 - 48,521",Loans,354,354,TIED
REV_DEBT,2024,"17,187 - 48,521",% of loans,0.204270051933064,0.20427005193306405,TIED
REV_DEBT,2024,"17,187 - 48,521",Bad loans,60,60,TIED
REV_DEBT,2024,"17,187 - 48,521",Bad loans %,0.169491525423729,0.1694915254237288,TIED
REV_DEBT,2024,"17,187 - 48,521",Booked $,10999578.66,10999578.66,TIED
REV_DEBT,2024,"17,187 - 48,521",% of booked,0.19307916822997,0.1930791682299701,TIED
REV_DEBT,2024,"17,187 - 48,521",Charged off $,1048658.14,1048658.14,TIED
REV_DEBT,2024,"17,187 - 48,521",Charge-off rate,0.0953362099053347,0.09533620990533467,TIED
REV_DEBT,2024,"17,187 - 48,521",× book,2.29144578556378,2.2914457855637784,TIED
REV_DEBT,2024,"17,187 - 48,521",% of charge-offs,0.425380839456701,0.42538083945670035,TIED
REV_DEBT,2024,"17,187 - 48,521",RANR $,916084.22,916084.22,TIED
REV_DEBT,2024,"17,187 - 48,521",RANR rate,0.0832835737000857,0.08328357370008571,TIED
REV_DEBT,2024,"17,187 - 48,521",% of RANR,0.190547035642442,0.19054703564244216,TIED
REV_DEBT,2024,All,Loans,1733,1733,TIED
REV_DEBT,2024,All,% of loans,1,1.0,TIED
REV_DEBT,2024,All,Bad loans,146,146,TIED
REV_DEBT,2024,All,Bad loans %,0.0842469705712637,0.08424697057126371,TIED
REV_DEBT,2024,All,Booked $,56969266.86,56969266.86,TIED
REV_DEBT,2024,All,% of booked,1,1.0,TIED
REV_DEBT,2024,All,Charged off $,2465221.85,2465221.85,TIED
REV_DEBT,2024,All,Charge-off rate,0.043272837897988,0.043272837897988005,TIED
REV_DEBT,2024,All,× book,1.04008080590983,1.0400808059098297,TIED
REV_DEBT,2024,All,% of charge-offs,1,1.0,TIED
REV_DEBT,2024,All,RANR $,4807654.01,4807654.01,TIED
REV_DEBT,2024,All,RANR rate,0.0843903085818999,0.08439030858189983,TIED
REV_DEBT,2024,All,% of RANR,1,1.0,TIED
REV_DEBT,2025,"0 - 6,558",Loans,344,344,TIED
REV_DEBT,2025,"0 - 6,558",% of loans,0.202115158636898,0.20211515863689777,TIED
REV_DEBT,2025,"0 - 6,558",Bad loans,14,14,TIED
REV_DEBT,2025,"0 - 6,558",Bad loans %,0.0406976744186047,0.040697674418604654,TIED
REV_DEBT,2025,"0 - 6,558",Booked $,10764924.69,10764924.69,TIED
REV_DEBT,2025,"0 - 6,558",% of booked,0.202171982437988,0.20217198243798784,TIED
REV_DEBT,2025,"0 - 6,558",Charged off $,225852.47,225852.47,TIED
REV_DEBT,2025,"0 - 6,558",Charge-off rate,0.0209804040905,0.02098040409049996,TIED
REV_DEBT,2025,"0 - 6,558",× book,0.504272810722582,0.5042728107225821,TIED
REV_DEBT,2025,"0 - 6,558",% of charge-offs,0.102784940358263,0.10278494035826274,TIED
REV_DEBT,2025,"0 - 6,558",RANR $,331421.74,331421.74,TIED
REV_DEBT,2025,"0 - 6,558",RANR rate,0.0307871861201102,0.03078718612011024,TIED
REV_DEBT,2025,"0 - 6,558",% of RANR,0.233889850216151,0.23388985021615114,TIED
REV_DEBT,2025,"6,559 - 9,836",Loans,347,347,TIED
REV_DEBT,2025,"6,559 - 9,836",% of loans,0.203877790834313,0.20387779083431257,TIED
REV_DEBT,2025,"6,559 - 9,836",Bad loans,15,15,TIED
REV_DEBT,2025,"6,559 - 9,836",Bad loans %,0.0432276657060519,0.043227665706051875,TIED
REV_DEBT,2025,"6,559 - 9,836",Booked $,10976334.8,10976334.8,TIED
REV_DEBT,2025,"6,559 - 9,836",% of booked,0.206142395820056,0.20614239582005614,TIED
REV_DEBT,2025,"6,559 - 9,836",Charged off $,221014.34,221014.34,TIED
REV_DEBT,2025,"6,559 - 9,836",Charge-off rate,0.0201355319445977,0.020135531944597752,TIED
REV_DEBT,2025,"6,559 - 9,836",× book,0.483965954387615,0.48396595438761564,TIED
REV_DEBT,2025,"6,559 - 9,836",% of charge-offs,0.100583118507497,0.10058311850749653,TIED
REV_DEBT,2025,"6,559 - 9,836",RANR $,420971.26,420971.26,TIED
REV_DEBT,2025,"6,559 - 9,836",RANR rate,0.0383526256870372,0.03835262568703717,TIED
REV_DEBT,2025,"6,559 - 9,836",% of RANR,0.297086440215734,0.29708644021573366,TIED
REV_DEBT,2025,"9,837 - 13,051",Loans,325,325,TIED
REV_DEBT,2025,"9,837 - 13,051",% of loans,0.190951821386604,0.190951821386604,TIED
REV_DEBT,2025,"9,837 - 13,051",Bad loans,20,20,TIED
REV_DEBT,2025,"9,837 - 13,051",Bad loans %,0.0615384615384615,0.06153846153846154,TIED
REV_DEBT,2025,"9,837 - 13,051",Booked $,10275332.49,10275332.49,TIED
REV_DEBT,2025,"9,837 - 13,051",% of booked,0.192977136351222,0.192977136351222,TIED
REV_DEBT,2025,"9,837 - 13,051",Charged off $,340817.32,340817.32,TIED
REV_DEBT,2025,"9,837 - 13,051",Charge-off rate,0.0331684955529843,0.03316849555298429,TIED
REV_DEBT,2025,"9,837 - 13,051",× book,0.797218700259279,0.7972187002592797,TIED
REV_DEBT,2025,"9,837 - 13,051",% of charge-offs,0.155105179541596,0.1551051795415961,TIED
REV_DEBT,2025,"9,837 - 13,051",RANR $,340343.340000001,340343.34,TIED
REV_DEBT,2025,"9,837 - 13,051",RANR rate,0.033122367605255,0.033122367605254985,TIED
REV_DEBT,2025,"9,837 - 13,051",% of RANR,0.24018597215338,0.24018597215337958,TIED
REV_DEBT,2025,"13,052 - 17,186",Loans,347,347,TIED
REV_DEBT,2025,"13,052 - 17,186",% of loans,0.203877790834313,0.20387779083431257,TIED
REV_DEBT,2025,"13,052 - 17,186",Bad loans,31,31,TIED
REV_DEBT,2025,"13,052 - 17,186",Bad loans %,0.0893371757925072,0.0893371757925072,TIED
REV_DEBT,2025,"13,052 - 17,186",Booked $,10730420.97,10730420.97,TIED
REV_DEBT,2025,"13,052 - 17,186",% of booked,0.201523981111944,0.20152398111194372,TIED
REV_DEBT,2025,"13,052 - 17,186",Charged off $,579377.2,579377.2,TIED
REV_DEBT,2025,"13,052 - 17,186",Charge-off rate,0.0539938928416525,0.05399389284165241,TIED
REV_DEBT,2025,"13,052 - 17,186",× book,1.2977658574957,1.2977658574956998,TIED
REV_DEBT,2025,"13,052 - 17,186",% of charge-offs,0.263673233004436,0.26367323300443546,TIED
REV_DEBT,2025,"13,052 - 17,186",RANR $,216150.78,216150.78,TIED
REV_DEBT,2025,"13,052 - 17,186",RANR rate,0.0201437371939379,0.02014373719393788,TIED
REV_DEBT,2025,"13,052 - 17,186",% of RANR,0.152541210960706,0.15254121096070594,TIED
REV_DEBT,2025,"17,187 - 48,521",Loans,339,339,TIED
REV_DEBT,2025,"17,187 - 48,521",% of loans,0.199177438307873,0.1991774383078731,TIED
REV_DEBT,2025,"17,187 - 48,521",Bad loans,50,50,TIED
REV_DEBT,2025,"17,187 - 48,521",Bad loans %,0.147492625368732,0.14749262536873156,TIED
REV_DEBT,2025,"17,187 - 48,521",Booked $,10499359.57,10499359.57,TIED
REV_DEBT,2025,"17,187 - 48,521",% of booked,0.19718450427879,0.19718450427879025,TIED
REV_DEBT,2025,"17,187 - 48,521",Charged off $,830269.03,830269.03,TIED
REV_DEBT,2025,"17,187 - 48,521",Charge-off rate,0.0790780641871092,0.07907806418710928,TIED
REV_DEBT,2025,"17,187 - 48,521",× book,1.90067443515975,1.9006744351597518,TIED
REV_DEBT,2025,"17,187 - 48,521",% of charge-offs,0.377853528588209,0.37785352858820925,TIED
REV_DEBT,2025,"17,187 - 48,521",RANR $,108112.12,108112.12000000001,TIED
REV_DEBT,2025,"17,187 - 48,521",RANR rate,0.0102970204305518,0.010297020430551843,TIED
REV_DEBT,2025,"17,187 - 48,521",% of RANR,0.0762965264540297,0.07629652645402972,TIED
REV_DEBT,2025,All,Loans,1702,1702,TIED
REV_DEBT,2025,All,% of loans,1,1.0,TIED
REV_DEBT,2025,All,Bad loans,130,130,TIED
REV_DEBT,2025,All,Bad loans %,0.0763807285546416,0.07638072855464159,TIED
REV_DEBT,2025,All,Booked $,53246372.52,53246372.52,TIED
REV_DEBT,2025,All,% of booked,1,1.0,TIED
REV_DEBT,2025,All,Charged off $,2197330.36,2197330.36,TIED
REV_DEBT,2025,All,Charge-off rate,0.0412672310996332,0.04126723109963322,TIED
REV_DEBT,2025,All,× book,0.991875205433876,0.9918752054338769,TIED
REV_DEBT,2025,All,% of charge-offs,1,1.0,TIED
REV_DEBT,2025,All,RANR $,1416999.24,1416999.24,TIED
REV_DEBT,2025,All,RANR rate,0.0266121272292823,0.026612127229282283,TIED
REV_DEBT,2025,All,% of RANR,1,1.0,TIED
REV_DEBT,2026,"0 - 6,558",Loans,74,74,TIED
REV_DEBT,2026,"0 - 6,558",% of loans,0.198391420911528,0.19839142091152814,TIED
REV_DEBT,2026,"0 - 6,558",Bad loans,3,3,TIED
REV_DEBT,2026,"0 - 6,558",Bad loans %,0.0405405405405405,0.04054054054054054,TIED
REV_DEBT,2026,"0 - 6,558",Booked $,2564151.22,2564151.22,TIED
REV_DEBT,2026,"0 - 6,558",% of booked,0.217068369080325,0.21706836908032537,TIED
REV_DEBT,2026,"0 - 6,558",Charged off $,46719.8,46719.8,TIED
REV_DEBT,2026,"0 - 6,558",Charge-off rate,0.0182203762537843,0.01822037625378428,TIED
REV_DEBT,2026,"0 - 6,558",× book,0.437934384213275,0.43793438421327574,TIED
REV_DEBT,2026,"0 - 6,558",% of charge-offs,0.112820929164019,0.1128209291640187,TIED
REV_DEBT,2026,"0 - 6,558",RANR $,15192.16,15192.16,TIED
REV_DEBT,2026,"0 - 6,558",RANR rate,0.00592482997161142,0.0059248299716114245,TIED
REV_DEBT,2026,"0 - 6,558",% of RANR,-0.265554491235676,-0.26555449123567537,TIED
REV_DEBT,2026,"6,559 - 9,836",Loans,73,73,TIED
REV_DEBT,2026,"6,559 - 9,836",% of loans,0.195710455764075,0.19571045576407506,TIED
REV_DEBT,2026,"6,559 - 9,836",Bad loans,4,4,TIED
REV_DEBT,2026,"6,559 - 9,836",Bad loans %,0.0547945205479452,0.0547945205479452,TIED
REV_DEBT,2026,"6,559 - 9,836",Booked $,2268267.03,2268267.03,TIED
REV_DEBT,2026,"6,559 - 9,836",% of booked,0.192020275949549,0.19202027594954926,TIED
REV_DEBT,2026,"6,559 - 9,836",Charged off $,109286.83,109286.83,TIED
REV_DEBT,2026,"6,559 - 9,836",Charge-off rate,0.0481807602696584,0.04818076026965838,TIED
REV_DEBT,2026,"6,559 - 9,836",× book,1.15804477831449,1.1580447783144947,TIED
REV_DEBT,2026,"6,559 - 9,836",% of charge-offs,0.263910412844022,0.26391041284402234,TIED
REV_DEBT,2026,"6,559 - 9,836",RANR $,-49120.97,-49120.97,TIED
REV_DEBT,2026,"6,559 - 9,836",RANR rate,-0.0216557263101426,-0.021655726310142596,TIED
REV_DEBT,2026,"6,559 - 9,836",% of RANR,0.858620117044112,0.8586201170441119,TIED
REV_DEBT,2026,"9,837 - 13,051",Loans,72,72,TIED
REV_DEBT,2026,"9,837 - 13,051",% of loans,0.193029490616622,0.19302949061662197,TIED
REV_DEBT,2026,"9,837 - 13,051",Bad loans,3,3,TIED
REV_DEBT,2026,"9,837 - 13,051",Bad loans %,0.0416666666666667,0.041666666666666664,TIED
REV_DEBT,2026,"9,837 - 13,051",Booked $,2409051.98,2409051.98,TIED
REV_DEBT,2026,"9,837 - 13,051",% of booked,0.203938433993112,0.20393843399311237,TIED
REV_DEBT,2026,"9,837 - 13,051",Charged off $,56699.13,56699.13,TIED
REV_DEBT,2026,"9,837 - 13,051",Charge-off rate,0.0235358682463963,0.02353586824639624,TIED
REV_DEBT,2026,"9,837 - 13,051",× book,0.565694463376934,0.5656944633769339,TIED
REV_DEBT,2026,"9,837 - 13,051",% of charge-offs,0.136919433075302,0.13691943307530186,TIED
REV_DEBT,2026,"9,837 - 13,051",RANR $,16667.28,16667.28,TIED
REV_DEBT,2026,"9,837 - 13,051",RANR rate,0.00691860538434708,0.006918605384347082,TIED
REV_DEBT,2026,"9,837 - 13,051",% of RANR,-0.291339155240765,-0.2913391552407655,TIED
REV_DEBT,2026,"13,052 - 17,186",Loans,80,80,TIED
REV_DEBT,2026,"13,052 - 17,186",% of loans,0.214477211796247,0.21447721179624665,TIED
REV_DEBT,2026,"13,052 - 17,186",Bad loans,3,3,TIED
REV_DEBT,2026,"13,052 - 17,186",Bad loans %,0.0375,0.0375,TIED
REV_DEBT,2026,"13,052 - 17,186",Booked $,2416129.8,2416129.8,TIED
REV_DEBT,2026,"13,052 - 17,186",% of booked,0.204537607252498,0.20453760725249764,TIED
REV_DEBT,2026,"13,052 - 17,186",Charged off $,24171.22,24171.22,TIED
REV_DEBT,2026,"13,052 - 17,186",Charge-off rate,0.0100041065674535,0.010004106567453454,TIED
REV_DEBT,2026,"13,052 - 17,186",× book,0.240452896701942,0.2404528967019424,TIED
REV_DEBT,2026,"13,052 - 17,186",% of charge-offs,0.0583696740873872,0.05836967408738719,TIED
REV_DEBT,2026,"13,052 - 17,186",RANR $,55817.92,55817.92,TIED
REV_DEBT,2026,"13,052 - 17,186",RANR rate,0.023102202538953,0.023102202538953,TIED
REV_DEBT,2026,"13,052 - 17,186",% of RANR,-0.975680834551087,-0.9756808345510862,TIED
REV_DEBT,2026,"17,187 - 48,521",Loans,74,74,TIED
REV_DEBT,2026,"17,187 - 48,521",% of loans,0.198391420911528,0.19839142091152814,TIED
REV_DEBT,2026,"17,187 - 48,521",Bad loans,12,12,TIED
REV_DEBT,2026,"17,187 - 48,521",Bad loans %,0.162162162162162,0.16216216216216217,TIED
REV_DEBT,2026,"17,187 - 48,521",Booked $,2155043.29,2155043.29,TIED
REV_DEBT,2026,"17,187 - 48,521",% of booked,0.182435313724515,0.1824353137245153,TIED
REV_DEBT,2026,"17,187 - 48,521",Charged off $,177228.81,177228.81,TIED
REV_DEBT,2026,"17,187 - 48,521",Charge-off rate,0.082239095067088,0.08223909506708796,TIED
REV_DEBT,2026,"17,187 - 48,521",× book,1.97665113797977,1.976651137979766,TIED
REV_DEBT,2026,"17,187 - 48,521",% of charge-offs,0.42797955082927,0.42797955082927,TIED
REV_DEBT,2026,"17,187 - 48,521",RANR $,-95765.59,-95765.59,TIED
REV_DEBT,2026,"17,187 - 48,521",RANR rate,-0.0444378961872269,-0.04443789618722694,TIED
REV_DEBT,2026,"17,187 - 48,521",% of RANR,1.67395436398342,1.6739543639834153,TIED
REV_DEBT,2026,All,Loans,373,373,TIED
REV_DEBT,2026,All,% of loans,1,1.0,TIED
REV_DEBT,2026,All,Bad loans,25,25,TIED
REV_DEBT,2026,All,Bad loans %,0.0670241286863271,0.06702412868632708,TIED
REV_DEBT,2026,All,Booked $,11812643.32,11812643.32,TIED
REV_DEBT,2026,All,% of booked,1,1.0,TIED
REV_DEBT,2026,All,Charged off $,414105.79,414105.79,TIED
REV_DEBT,2026,All,Charge-off rate,0.0350561494817064,0.03505614948170635,TIED
REV_DEBT,2026,All,× book,0.842589254048528,0.8425892540485282,TIED
REV_DEBT,2026,All,% of charge-offs,1,1.0,TIED
REV_DEBT,2026,All,RANR $,-57209.2,-57209.2,TIED
REV_DEBT,2026,All,RANR rate,-0.00484304811803968,-0.0048430481180396796,TIED
REV_DEBT,2026,All,% of RANR,1,1.0,TIED
