band column,only loans where,row,heading,shown
FICO,All loans,496 - 653,Loans,1556
FICO,All loans,496 - 653,% of loans,0.1945
FICO,All loans,496 - 653,Bad loans,234
FICO,All loans,496 - 653,Bad loans %,0.15048231511254
FICO,All loans,496 - 653,Booked $,50747952.44
FICO,All loans,496 - 653,% of booked,0.196645321118029
FICO,All loans,496 - 653,Charged off $,4235046.51
FICO,All loans,496 - 653,Charge-off rate,0.0834525592930504
FICO,All loans,496 - 653,× book,2.0058172595329
FICO,All loans,496 - 653,% of charge-offs,0.394495242541623
FICO,All loans,496 - 653,RANR $,9650826.57
FICO,All loans,496 - 653,RANR rate,0.190171743015845
FICO,All loans,496 - 653,% of RANR,0.292181959267388
FICO,All loans,654 - 685,Loans,1539
FICO,All loans,654 - 685,% of loans,0.192375
FICO,All loans,654 - 685,Bad loans,130
FICO,All loans,654 - 685,Bad loans %,0.0844704353476283
FICO,All loans,654 - 685,Booked $,49349595.68
FICO,All loans,654 - 685,% of booked,0.191226771188692
FICO,All loans,654 - 685,Charged off $,2231319.14
FICO,All loans,654 - 685,Charge-off rate,0.0452145374091542
FICO,All loans,654 - 685,× book,1.08675036793785
FICO,All loans,654 - 685,% of charge-offs,0.207847725696421
FICO,All loans,654 - 685,RANR $,8047707.06999999
FICO,All loans,654 - 685,RANR rate,0.163075440823956
FICO,All loans,654 - 685,% of RANR,0.243646987360857
FICO,All loans,686 - 711,Loans,1562
FICO,All loans,686 - 711,% of loans,0.19525
FICO,All loans,686 - 711,Bad loans,96
FICO,All loans,686 - 711,Bad loans %,0.0614596670934699
FICO,All loans,686 - 711,Booked $,51016427.42
FICO,All loans,686 - 711,% of booked,0.197685645823083
FICO,All loans,686 - 711,Charged off $,1607782.97
FICO,All loans,686 - 711,Charge-off rate,0.031515005093628
FICO,All loans,686 - 711,× book,0.757476363655756
FICO,All loans,686 - 711,% of charge-offs,0.149765234267626
FICO,All loans,686 - 711,RANR $,7240165.41
FICO,All loans,686 - 711,RANR rate,0.141918314867372
FICO,All loans,686 - 711,% of RANR,0.219198397108257
FICO,All loans,712 - 745,Loans,1611
FICO,All loans,712 - 745,% of loans,0.201375
FICO,All loans,712 - 745,Bad loans,87
FICO,All loans,712 - 745,Bad loans %,0.0540037243947859
FICO,All loans,712 - 745,Booked $,51112483.92
FICO,All loans,712 - 745,% of booked,0.198057859092383
FICO,All loans,712 - 745,Charged off $,1545665.76
FICO,All loans,712 - 745,Charge-off rate,0.0302639717312272
FICO,All loans,712 - 745,× book,0.727407252153218
FICO,All loans,712 - 745,% of charge-offs,0.143979006473646
FICO,All loans,712 - 745,RANR $,4905226.41999999
FICO,All loans,712 - 745,RANR rate,0.0959692435937475
FICO,All loans,712 - 745,% of RANR,0.14850734863488
FICO,All loans,746 - 921,Loans,1571
FICO,All loans,746 - 921,% of loans,0.196375
FICO,All loans,746 - 921,Bad loans,62
FICO,All loans,746 - 921,Bad loans %,0.0394653087205602
FICO,All loans,746 - 921,Booked $,50525744.31
FICO,All loans,746 - 921,% of booked,0.195784277726563
FICO,All loans,746 - 921,Charged off $,980621.18
FICO,All loans,746 - 921,Charge-off rate,0.0194083470395491
FICO,All loans,746 - 921,× book,0.46648776024025
FICO,All loans,746 - 921,% of charge-offs,0.0913450157706894
FICO,All loans,746 - 921,RANR $,2361745.96
FICO,All loans,746 - 921,RANR rate,0.0467434174845509
FICO,All loans,746 - 921,% of RANR,0.0715026383366703
FICO,All loans,(blank),Loans,1
FICO,All loans,(blank),% of loans,0.000125
FICO,All loans,(blank),Bad loans,0
FICO,All loans,(blank),Bad loans %,0
FICO,All loans,(blank),Booked $,27999.47
FICO,All loans,(blank),% of booked,0.000108496294028698
FICO,All loans,(blank),Charged off $,0
FICO,All loans,(blank),Charge-off rate,0
FICO,All loans,(blank),× book,0
FICO,All loans,(blank),% of charge-offs,0
FICO,All loans,(blank),RANR $,3928.24
FICO,All loans,(blank),RANR rate,0.140296941334961
FICO,All loans,(blank),% of RANR,0.000118928762354966
FICO,All loans,(marked missing),Loans,160
FICO,All loans,(marked missing),% of loans,0.02
FICO,All loans,(marked missing),Bad loans,10
FICO,All loans,(marked missing),Bad loans %,0.0625
FICO,All loans,(marked missing),Booked $,5288242.79
FICO,All loans,(marked missing),% of booked,0.0204916287572222
FICO,All loans,(marked missing),Charged off $,134919.53
FICO,All loans,(marked missing),Charge-off rate,0.0255131118894789
FICO,All loans,(marked missing),× book,0.61321834352146
FICO,All loans,(marked missing),% of charge-offs,0.0125677752499941
FICO,All loans,(marked missing),RANR $,820593.55
FICO,All loans,(marked missing),RANR rate,0.155173198846266
FICO,All loans,(marked missing),% of RANR,0.024843740529593
FICO,All loans,All,Loans,8000
FICO,All loans,All,% of loans,1
FICO,All loans,All,Bad loans,619
FICO,All loans,All,Bad loans %,0.0773846730841355
FICO,All loans,All,Booked $,258068446.03
FICO,All loans,All,% of booked,1
FICO,All loans,All,Charged off $,10735355.09
FICO,All loans,All,Charge-off rate,0.0416052653333356
FICO,All loans,All,× book,0.999999999999999
FICO,All loans,All,% of charge-offs,1
FICO,All loans,All,RANR $,33030193.22
FICO,All loans,All,RANR rate,0.127990049648147
FICO,All loans,All,% of RANR,1
FICO,2021,496 - 653,Loans,150
FICO,2021,496 - 653,% of loans,0.178784266984505
FICO,2021,496 - 653,Bad loans,23
FICO,2021,496 - 653,Bad loans %,0.153333333333333
FICO,2021,496 - 653,Booked $,5187713.96
FICO,2021,496 - 653,% of booked,0.189556736855192
FICO,2021,496 - 653,Charged off $,443508.37
FICO,2021,496 - 653,Charge-off rate,0.0854920632516909
FICO,2021,496 - 653,× book,2.05483759247154
FICO,2021,496 - 653,% of charge-offs,0.420949780699269
FICO,2021,496 - 653,RANR $,2069336.37
FICO,2021,496 - 653,RANR rate,0.398891763492681
FICO,2021,496 - 653,% of RANR,0.29363412671545
FICO,2021,654 - 685,Loans,181
FICO,2021,654 - 685,% of loans,0.215733015494637
FICO,2021,654 - 685,Bad loans,12
FICO,2021,654 - 685,Bad loans %,0.0662983425414365
FICO,2021,654 - 685,Booked $,5964006.45
FICO,2021,654 - 685,% of booked,0.217922115591223
FICO,2021,654 - 685,Charged off $,210018.58
FICO,2021,654 - 685,Charge-off rate,0.0352143448805291
FICO,2021,654 - 685,× book,0.846391546800547
FICO,2021,654 - 685,% of charge-offs,0.199336204621734
FICO,2021,654 - 685,RANR $,1954632.76
FICO,2021,654 - 685,RANR rate,0.327738203569515
FICO,2021,654 - 685,% of RANR,0.277357945210237
FICO,2021,686 - 711,Loans,149
FICO,2021,686 - 711,% of loans,0.177592371871275
FICO,2021,686 - 711,Bad loans,9
FICO,2021,686 - 711,Bad loans %,0.0604026845637584
FICO,2021,686 - 711,Booked $,4660015.6
FICO,2021,686 - 711,% of booked,0.170274875916692
FICO,2021,686 - 711,Charged off $,147473.57
FICO,2021,686 - 711,Charge-off rate,0.0316465828998512
FICO,2021,686 - 711,× book,0.760638891407209
FICO,2021,686 - 711,% of charge-offs,0.139972481129135
FICO,2021,686 - 711,RANR $,1283768.43
FICO,2021,686 - 711,RANR rate,0.275485865326288
FICO,2021,686 - 711,% of RANR,0.18216382184783
FICO,2021,712 - 745,Loans,156
FICO,2021,712 - 745,% of loans,0.185935637663886
FICO,2021,712 - 745,Bad loans,7
FICO,2021,712 - 745,Bad loans %,0.0448717948717949
FICO,2021,712 - 745,Booked $,4948222.24
FICO,2021,712 - 745,% of booked,0.180805817028642
FICO,2021,712 - 745,Charged off $,132174.68
FICO,2021,712 - 745,Charge-off rate,0.02671154883294
FICO,2021,712 - 745,× book,0.642023278037787
FICO,2021,712 - 745,% of charge-offs,0.125451753165326
FICO,2021,712 - 745,RANR $,971269.34
FICO,2021,712 - 745,RANR rate,0.196286523298921
FICO,2021,712 - 745,% of RANR,0.137820911375753
FICO,2021,746 - 921,Loans,177
FICO,2021,746 - 921,% of loans,0.210965435041716
FICO,2021,746 - 921,Bad loans,5
FICO,2021,746 - 921,Bad loans %,0.0282485875706215
FICO,2021,746 - 921,Booked $,5834832.4
FICO,2021,746 - 921,% of booked,0.213202153852166
FICO,2021,746 - 921,Charged off $,66947.12
FICO,2021,746 - 921,Charge-off rate,0.0114737005984953
FICO,2021,746 - 921,× book,0.275775205531551
FICO,2021,746 - 921,% of charge-offs,0.0635419247723502
FICO,2021,746 - 921,RANR $,579335.1
FICO,2021,746 - 921,RANR rate,0.0992890729817707
FICO,2021,746 - 921,% of RANR,0.0822063336972656
FICO,2021,(blank),Loans,0
FICO,2021,(blank),% of loans,0
FICO,2021,(blank),Bad loans,0
FICO,2021,(blank),Bad loans %,
FICO,2021,(blank),Booked $,0
FICO,2021,(blank),% of booked,0
FICO,2021,(blank),Charged off $,0
FICO,2021,(blank),Charge-off rate,
FICO,2021,(blank),× book,
FICO,2021,(blank),% of charge-offs,0
FICO,2021,(blank),RANR $,0
FICO,2021,(blank),RANR rate,
FICO,2021,(blank),% of RANR,0
FICO,2021,(marked missing),Loans,26
FICO,2021,(marked missing),% of loans,0.0309892729439809
FICO,2021,(marked missing),Bad loans,4
FICO,2021,(marked missing),Bad loans %,0.153846153846154
FICO,2021,(marked missing),Booked $,772814.67
FICO,2021,(marked missing),% of booked,0.0282383007560853
FICO,2021,(marked missing),Charged off $,53467.42
FICO,2021,(marked missing),Charge-off rate,0.0691853067437242
FICO,2021,(marked missing),× book,1.66289786135051
FICO,2021,(marked missing),% of charge-offs,0.0507478556121855
FICO,2021,(marked missing),RANR $,188987.25
FICO,2021,(marked missing),RANR rate,0.244544076783636
FICO,2021,(marked missing),% of RANR,0.0268168611534646
FICO,2021,All,Loans,839
FICO,2021,All,% of loans,1
FICO,2021,All,Bad loans,60
FICO,2021,All,Bad loans %,0.0715137067938022
FICO,2021,All,Booked $,27367605.32
FICO,2021,All,% of booked,1
FICO,2021,All,Charged off $,1053589.74
FICO,2021,All,Charge-off rate,0.0384976956398171
FICO,2021,All,× book,0.925308259216205
FICO,2021,All,% of charge-offs,1
FICO,2021,All,RANR $,7047329.25
FICO,2021,All,RANR rate,0.257506243882064
FICO,2021,All,% of RANR,1
FICO,2022,496 - 653,Loans,353
FICO,2022,496 - 653,% of loans,0.2027570361861
FICO,2022,496 - 653,Bad loans,61
FICO,2022,496 - 653,Bad loans %,0.172804532577904
FICO,2022,496 - 653,Booked $,11276136.37
FICO,2022,496 - 653,% of booked,0.200521619600249
FICO,2022,496 - 653,Charged off $,1174581.94
FICO,2022,496 - 653,Charge-off rate,0.104165283343412
FICO,2022,496 - 653,× book,2.50365626823561
FICO,2022,496 - 653,% of charge-offs,0.460050928412989
FICO,2022,496 - 653,RANR $,3458182.53
FICO,2022,496 - 653,RANR rate,0.306681510095997
FICO,2022,496 - 653,% of RANR,0.291710186839007
FICO,2022,654 - 685,Loans,344
FICO,2022,654 - 685,% of loans,0.197587593337163
FICO,2022,654 - 685,Bad loans,28
FICO,2022,654 - 685,Bad loans %,0.0813953488372093
FICO,2022,654 - 685,Booked $,11532842.4
FICO,2022,654 - 685,% of booked,0.20508657937084
FICO,2022,654 - 685,Charged off $,548816.31
FICO,2022,654 - 685,Charge-off rate,0.0475872548123956
FICO,2022,654 - 685,× book,1.14377962575489
FICO,2022,654 - 685,% of charge-offs,0.214956014855542
FICO,2022,654 - 685,RANR $,3000252.57
FICO,2022,654 - 685,RANR rate,0.260148579677114
FICO,2022,654 - 685,% of RANR,0.253082140739087
FICO,2022,686 - 711,Loans,333
FICO,2022,686 - 711,% of loans,0.191269385410684
FICO,2022,686 - 711,Bad loans,18
FICO,2022,686 - 711,Bad loans %,0.0540540540540541
FICO,2022,686 - 711,Booked $,10867256.39
FICO,2022,686 - 711,% of booked,0.193250576299474
FICO,2022,686 - 711,Charged off $,211679.16
FICO,2022,686 - 711,Charge-off rate,0.0194786202150146
FICO,2022,686 - 711,× book,0.46817680548254
FICO,2022,686 - 711,% of charge-offs,0.0829088127165327
FICO,2022,686 - 711,RANR $,2618893.63
FICO,2022,686 - 711,RANR rate,0.240989403029995
FICO,2022,686 - 711,% of RANR,0.220913136739137
FICO,2022,712 - 745,Loans,356
FICO,2022,712 - 745,% of loans,0.204480183802412
FICO,2022,712 - 745,Bad loans,23
FICO,2022,712 - 745,Bad loans %,0.0646067415730337
FICO,2022,712 - 745,Booked $,11095651.21
FICO,2022,712 - 745,% of booked,0.197312082626814
FICO,2022,712 - 745,Charged off $,367093.72
FICO,2022,712 - 745,Charge-off rate,0.0330844682346499
FICO,2022,712 - 745,× book,0.795199068425156
FICO,2022,712 - 745,% of charge-offs,0.143780353629971
FICO,2022,712 - 745,RANR $,1725510.96
FICO,2022,712 - 745,RANR rate,0.155512364920491
FICO,2022,712 - 745,% of RANR,0.145553081761232
FICO,2022,746 - 921,Loans,314
FICO,2022,746 - 921,% of loans,0.180356117174038
FICO,2022,746 - 921,Bad loans,11
FICO,2022,746 - 921,Bad loans %,0.035031847133758
FICO,2022,746 - 921,Booked $,10135028.84
FICO,2022,746 - 921,% of booked,0.180229498030808
FICO,2022,746 - 921,Charged off $,206772.2
FICO,2022,746 - 921,Charge-off rate,0.020401737702406
FICO,2022,746 - 921,× book,0.490364321413409
FICO,2022,746 - 921,% of charge-offs,0.0809868935835982
FICO,2022,746 - 921,RANR $,757120.14
FICO,2022,746 - 921,RANR rate,0.0747033039523151
FICO,2022,746 - 921,% of RANR,0.0638658184127069
FICO,2022,(blank),Loans,0
FICO,2022,(blank),% of loans,0
FICO,2022,(blank),Bad loans,0
FICO,2022,(blank),Bad loans %,
FICO,2022,(blank),Booked $,0
FICO,2022,(blank),% of booked,0
FICO,2022,(blank),Charged off $,0
FICO,2022,(blank),Charge-off rate,
FICO,2022,(blank),× book,
FICO,2022,(blank),% of charge-offs,0
FICO,2022,(blank),RANR $,0
FICO,2022,(blank),RANR rate,
FICO,2022,(blank),% of RANR,0
FICO,2022,(marked missing),Loans,41
FICO,2022,(marked missing),% of loans,0.0235496840896037
FICO,2022,(marked missing),Bad loans,4
FICO,2022,(marked missing),Bad loans %,0.0975609756097561
FICO,2022,(marked missing),Booked $,1327102.81
FICO,2022,(marked missing),% of booked,0.0235996440718145
FICO,2022,(marked missing),Charged off $,44213
FICO,2022,(marked missing),Charge-off rate,0.0333154294202723
FICO,2022,(marked missing),× book,0.800750317378189
FICO,2022,(marked missing),% of charge-offs,0.017316996801367
FICO,2022,(marked missing),RANR $,294897.1
FICO,2022,(marked missing),RANR rate,0.222211194021961
FICO,2022,(marked missing),% of RANR,0.0248756355088294
FICO,2022,All,Loans,1741
FICO,2022,All,% of loans,1
FICO,2022,All,Bad loans,145
FICO,2022,All,Bad loans %,0.0832854681217691
FICO,2022,All,Booked $,56234018.02
FICO,2022,All,% of booked,1
FICO,2022,All,Charged off $,2553156.33
FICO,2022,All,Charge-off rate,0.0454023457667911
FICO,2022,All,× book,1.09126442057354
FICO,2022,All,% of charge-offs,1
FICO,2022,All,RANR $,11854856.93
FICO,2022,All,RANR rate,0.210812909114617
FICO,2022,All,% of RANR,1
FICO,2023,496 - 653,Loans,321
FICO,2023,496 - 653,% of loans,0.199131513647643
FICO,2023,496 - 653,Bad loans,38
FICO,2023,496 - 653,Bad loans %,0.11875
FICO,2023,496 - 653,Booked $,10427663.36
FICO,2023,496 - 653,% of booked,0.198854952139944
FICO,2023,496 - 653,Charged off $,682657.73
FICO,2023,496 - 653,Charge-off rate,0.0654660307330826
FICO,2023,496 - 653,× book,1.5735035027076
FICO,2023,496 - 653,% of charge-offs,0.332687146694174
FICO,2023,496 - 653,RANR $,2568373.11
FICO,2023,496 - 653,RANR rate,0.246303799933948
FICO,2023,496 - 653,% of RANR,0.322637119161844
FICO,2023,654 - 685,Loans,283
FICO,2023,654 - 685,% of loans,0.175558312655087
FICO,2023,654 - 685,Bad loans,27
FICO,2023,654 - 685,Bad loans %,0.0954063604240283
FICO,2023,654 - 685,Booked $,8971402.5
FICO,2023,654 - 685,% of booked,0.171084139674957
FICO,2023,654 - 685,Charged off $,473583.77
FICO,2023,654 - 685,Charge-off rate,0.0527881532458275
FICO,2023,654 - 685,× book,1.26878540066735
FICO,2023,654 - 685,% of charge-offs,0.230796819896802
FICO,2023,654 - 685,RANR $,1585660.8
FICO,2023,654 - 685,RANR rate,0.17674614420655
FICO,2023,654 - 685,% of RANR,0.199189529935495
FICO,2023,686 - 711,Loans,342
FICO,2023,686 - 711,% of loans,0.212158808933003
FICO,2023,686 - 711,Bad loans,21
FICO,2023,686 - 711,Bad loans %,0.0614035087719298
FICO,2023,686 - 711,Booked $,11649813.65
FICO,2023,686 - 711,% of booked,0.222161289239205
FICO,2023,686 - 711,Charged off $,417203.96
FICO,2023,686 - 711,Charge-off rate,0.0358120715518913
FICO,2023,686 - 711,× book,0.86075815801125
FICO,2023,686 - 711,% of charge-offs,0.203320623120916
FICO,2023,686 - 711,RANR $,1877055.57
FICO,2023,686 - 711,RANR rate,0.161123227065525
FICO,2023,686 - 711,% of RANR,0.235794324139881
FICO,2023,712 - 745,Loans,313
FICO,2023,712 - 745,% of loans,0.194168734491315
FICO,2023,712 - 745,Bad loans,14
FICO,2023,712 - 745,Bad loans %,0.0447284345047923
FICO,2023,712 - 745,Booked $,10150580.64
FICO,2023,712 - 745,% of booked,0.193571000297409
FICO,2023,712 - 745,Charged off $,255919.73
FICO,2023,712 - 745,Charge-off rate,0.0253112804923155
FICO,2023,712 - 745,× book,0.608367241249997
FICO,2023,712 - 745,% of charge-offs,0.1247201943446
FICO,2023,712 - 745,RANR $,1248019.33
FICO,2023,712 - 745,RANR rate,0.12295053596067
FICO,2023,712 - 745,% of RANR,0.156775259685496
FICO,2023,746 - 921,Loans,332
FICO,2023,746 - 921,% of loans,0.205955334987593
FICO,2023,746 - 921,Bad loans,13
FICO,2023,746 - 921,Bad loans %,0.0391566265060241
FICO,2023,746 - 921,Booked $,10477830.85
FICO,2023,746 - 921,% of booked,0.199811643344725
FICO,2023,746 - 921,Charged off $,222585.83
FICO,2023,746 - 921,Charge-off rate,0.021243502895449
FICO,2023,746 - 921,× book,0.510596500833464
FICO,2023,746 - 921,% of charge-offs,0.108475215943507
FICO,2023,746 - 921,RANR $,543051.83
FICO,2023,746 - 921,RANR rate,0.0518286502019642
FICO,2023,746 - 921,% of RANR,0.0682177668441513
FICO,2023,(blank),Loans,0
FICO,2023,(blank),% of loans,0
FICO,2023,(blank),Bad loans,0
FICO,2023,(blank),Bad loans %,
FICO,2023,(blank),Booked $,0
FICO,2023,(blank),% of booked,0
FICO,2023,(blank),Charged off $,0
FICO,2023,(blank),Charge-off rate,
FICO,2023,(blank),× book,
FICO,2023,(blank),% of charge-offs,0
FICO,2023,(blank),RANR $,0
FICO,2023,(blank),RANR rate,
FICO,2023,(blank),% of RANR,0
FICO,2023,(marked missing),Loans,21
FICO,2023,(marked missing),% of loans,0.0130272952853598
FICO,2023,(marked missing),Bad loans,0
FICO,2023,(marked missing),Bad loans %,0
FICO,2023,(marked missing),Booked $,761248.99
FICO,2023,(marked missing),% of booked,0.0145169753037588
FICO,2023,(marked missing),Charged off $,0
FICO,2023,(marked missing),Charge-off rate,0
FICO,2023,(marked missing),× book,0
FICO,2023,(marked missing),% of charge-offs,0
FICO,2023,(marked missing),RANR $,138402.35
FICO,2023,(marked missing),RANR rate,0.181809567983795
FICO,2023,(marked missing),% of RANR,0.0173860002331318
FICO,2023,All,Loans,1612
FICO,2023,All,% of loans,1
FICO,2023,All,Bad loans,113
FICO,2023,All,Bad loans %,0.0701427684667908
FICO,2023,All,Booked $,52438539.99
FICO,2023,All,% of booked,1
FICO,2023,All,Charged off $,2051951.02
FICO,2023,All,Charge-off rate,0.0391602258879564
FICO,2023,All,× book,0.941232451570975
FICO,2023,All,% of charge-offs,1
FICO,2023,All,RANR $,7960562.99
FICO,2023,All,RANR rate,0.151807487232064
FICO,2023,All,% of RANR,1
FICO,2024,496 - 653,Loans,330
FICO,2024,496 - 653,% of loans,0.190421234852856
FICO,2024,496 - 653,Bad loans,55
FICO,2024,496 - 653,Bad loans %,0.166666666666667
FICO,2024,496 - 653,Booked $,10846168.21
FICO,2024,496 - 653,% of booked,0.190386304894077
FICO,2024,496 - 653,Charged off $,934582.02
FICO,2024,496 - 653,Charge-off rate,0.0861670224824957
FICO,2024,496 - 653,× book,2.07106052063693
FICO,2024,496 - 653,% of charge-offs,0.379106659305328
FICO,2024,496 - 653,RANR $,1325162.84
FICO,2024,496 - 653,RANR rate,0.122177972380902
FICO,2024,496 - 653,% of RANR,0.275636066414854
FICO,2024,654 - 685,Loans,311
FICO,2024,654 - 685,% of loans,0.179457587997692
FICO,2024,654 - 685,Bad loans,30
FICO,2024,654 - 685,Bad loans %,0.0964630225080386
FICO,2024,654 - 685,Booked $,10154019.54
FICO,2024,654 - 685,% of booked,0.178236795024116
FICO,2024,654 - 685,Charged off $,525606.36
FICO,2024,654 - 685,Charge-off rate,0.0517633788205217
FICO,2024,654 - 685,× book,1.24415451760254
FICO,2024,654 - 685,% of charge-offs,0.213208543482608
FICO,2024,654 - 685,RANR $,1055555.65
FICO,2024,654 - 685,RANR rate,0.103954463140614
FICO,2024,654 - 685,% of RANR,0.21955732417608
FICO,2024,686 - 711,Loans,333
FICO,2024,686 - 711,% of loans,0.192152336987882
FICO,2024,686 - 711,Bad loans,22
FICO,2024,686 - 711,Bad loans %,0.0660660660660661
FICO,2024,686 - 711,Booked $,11304462.68
FICO,2024,686 - 711,% of booked,0.198430896219541
FICO,2024,686 - 711,Charged off $,374161.57
FICO,2024,686 - 711,Charge-off rate,0.0330985718288028
FICO,2024,686 - 711,× book,0.795538054225146
FICO,2024,686 - 711,% of charge-offs,0.151776023727844
FICO,2024,686 - 711,RANR $,1151482.19
FICO,2024,686 - 711,RANR rate,0.101860851116543
FICO,2024,686 - 711,% of RANR,0.23951020343912
FICO,2024,712 - 745,Loans,359
FICO,2024,712 - 745,% of loans,0.207155222158107
FICO,2024,712 - 745,Bad loans,21
FICO,2024,712 - 745,Bad loans %,0.0584958217270195
FICO,2024,712 - 745,Booked $,11251980
FICO,2024,712 - 745,% of booked,0.197509650732409
FICO,2024,712 - 745,Charged off $,360472.14
FICO,2024,712 - 745,Charge-off rate,0.0320363296059894
FICO,2024,712 - 745,× book,0.770006616934628
FICO,2024,712 - 745,% of charge-offs,0.146223002201607
FICO,2024,712 - 745,RANR $,753572.83
FICO,2024,712 - 745,RANR rate,0.0669724644018209
FICO,2024,712 - 745,% of RANR,0.156744397253329
FICO,2024,746 - 921,Loans,362
FICO,2024,746 - 921,% of loans,0.208886324293133
FICO,2024,746 - 921,Bad loans,16
FICO,2024,746 - 921,Bad loans %,0.0441988950276243
FICO,2024,746 - 921,Booked $,12185999.15
FICO,2024,746 - 921,% of booked,0.213904791507089
FICO,2024,746 - 921,Charged off $,233160.65
FICO,2024,746 - 921,Charge-off rate,0.0191334864814922
FICO,2024,746 - 921,× book,0.459881371460975
FICO,2024,746 - 921,% of charge-offs,0.0945799867869904
FICO,2024,746 - 921,RANR $,392102.9
FICO,2024,746 - 921,RANR rate,0.0321765080707395
FICO,2024,746 - 921,% of RANR,0.0815580528849246
FICO,2024,(blank),Loans,1
FICO,2024,(blank),% of loans,0.000577034045008656
FICO,2024,(blank),Bad loans,0
FICO,2024,(blank),Bad loans %,0
FICO,2024,(blank),Booked $,27999.47
FICO,2024,(blank),% of booked,0.000491483769113753
FICO,2024,(blank),Charged off $,0
FICO,2024,(blank),Charge-off rate,0
FICO,2024,(blank),× book,0
FICO,2024,(blank),% of charge-offs,0
FICO,2024,(blank),RANR $,3928.24
FICO,2024,(blank),RANR rate,0.140296941334961
FICO,2024,(blank),% of RANR,0.000817080428797329
FICO,2024,(marked missing),Loans,37
FICO,2024,(marked missing),% of loans,0.0213502596653203
FICO,2024,(marked missing),Bad loans,2
FICO,2024,(marked missing),Bad loans %,0.0540540540540541
FICO,2024,(marked missing),Booked $,1198637.81
FICO,2024,(marked missing),% of booked,0.0210400778536542
FICO,2024,(marked missing),Charged off $,37239.11
FICO,2024,(marked missing),Charge-off rate,0.0310678586052613
FICO,2024,(marked missing),× book,0.746729010291122
FICO,2024,(marked missing),% of charge-offs,0.0151057844956226
FICO,2024,(marked missing),RANR $,125849.36
FICO,2024,(marked missing),RANR rate,0.104993651084643
FICO,2024,(marked missing),% of RANR,0.0261768754028953
FICO,2024,All,Loans,1733
FICO,2024,All,% of loans,1
FICO,2024,All,Bad loans,146
FICO,2024,All,Bad loans %,0.0842469705712637
FICO,2024,All,Booked $,56969266.86
FICO,2024,All,% of booked,1
FICO,2024,All,Charged off $,2465221.85
FICO,2024,All,Charge-off rate,0.043272837897988
FICO,2024,All,× book,1.04008080590983
FICO,2024,All,% of charge-offs,1
FICO,2024,All,RANR $,4807654.01
FICO,2024,All,RANR rate,0.0843903085818999
FICO,2024,All,% of RANR,1
FICO,2025,496 - 653,Loans,334
FICO,2025,496 - 653,% of loans,0.196239717978848
FICO,2025,496 - 653,Bad loans,46
FICO,2025,496 - 653,Bad loans %,0.137724550898204
FICO,2025,496 - 653,Booked $,10939671.84
FICO,2025,496 - 653,% of booked,0.205453842623569
FICO,2025,496 - 653,Charged off $,831393.85
FICO,2025,496 - 653,Charge-off rate,0.0759980611996127
FICO,2025,496 - 653,× book,1.82664527171565
FICO,2025,496 - 653,% of charge-offs,0.378365431586719
FICO,2025,496 - 653,RANR $,307623.85
FICO,2025,496 - 653,RANR rate,0.0281200253992262
FICO,2025,496 - 653,% of RANR,0.217095282281168
FICO,2025,654 - 685,Loans,339
FICO,2025,654 - 685,% of loans,0.199177438307873
FICO,2025,654 - 685,Bad loans,29
FICO,2025,654 - 685,Bad loans %,0.0855457227138643
FICO,2025,654 - 685,Booked $,10373533.34
FICO,2025,654 - 685,% of booked,0.19482140940406
FICO,2025,654 - 685,Charged off $,416734.49
FICO,2025,654 - 685,Charge-off rate,0.0401728587879586
FICO,2025,654 - 685,× book,0.965571507983405
FICO,2025,654 - 685,% of charge-offs,0.189654909241777
FICO,2025,654 - 685,RANR $,423667.35
FICO,2025,654 - 685,RANR rate,0.0408411807350494
FICO,2025,654 - 685,% of RANR,0.298989115901008
FICO,2025,686 - 711,Loans,333
FICO,2025,686 - 711,% of loans,0.195652173913044
FICO,2025,686 - 711,Bad loans,23
FICO,2025,686 - 711,Bad loans %,0.0690690690690691
FICO,2025,686 - 711,Booked $,10115346.46
FICO,2025,686 - 711,% of booked,0.189972499181997
FICO,2025,686 - 711,Charged off $,405064.68
FICO,2025,686 - 711,Charge-off rate,0.0400445680829404
FICO,2025,686 - 711,× book,0.962487987087904
FICO,2025,686 - 711,% of charge-offs,0.184344005514037
FICO,2025,686 - 711,RANR $,281756.74
FICO,2025,686 - 711,RANR rate,0.0278543835462458
FICO,2025,686 - 711,% of RANR,0.198840431276449
FICO,2025,712 - 745,Loans,344
FICO,2025,712 - 745,% of loans,0.202115158636898
FICO,2025,712 - 745,Bad loans,18
FICO,2025,712 - 745,Bad loans %,0.0523255813953488
FICO,2025,712 - 745,Booked $,10961976.97
FICO,2025,712 - 745,% of booked,0.205872746840783
FICO,2025,712 - 745,Charged off $,350753.83
FICO,2025,712 - 745,Charge-off rate,0.0319973149879734
FICO,2025,712 - 745,× book,0.769068884229322
FICO,2025,712 - 745,% of charge-offs,0.159627262420385
FICO,2025,712 - 745,RANR $,221530.28
FICO,2025,712 - 745,RANR rate,0.0202089714844566
FICO,2025,712 - 745,% of RANR,0.156337613843745
FICO,2025,746 - 921,Loans,324
FICO,2025,746 - 921,% of loans,0.190364277320799
FICO,2025,746 - 921,Bad loans,14
FICO,2025,746 - 921,Bad loans %,0.0432098765432099
FICO,2025,746 - 921,Booked $,9926802.86
FICO,2025,746 - 921,% of booked,0.186431533082772
FICO,2025,746 - 921,Charged off $,193383.51
FICO,2025,746 - 921,Charge-off rate,0.0194809459528241
FICO,2025,746 - 921,× book,0.468232705566122
FICO,2025,746 - 921,% of charge-offs,0.0880083912370828
FICO,2025,746 - 921,RANR $,116015.96
FICO,2025,746 - 921,RANR rate,0.0116871425408765
FICO,2025,746 - 921,% of RANR,0.0818743981824578
FICO,2025,(blank),Loans,0
FICO,2025,(blank),% of loans,0
FICO,2025,(blank),Bad loans,0
FICO,2025,(blank),Bad loans %,
FICO,2025,(blank),Booked $,0
FICO,2025,(blank),% of booked,0
FICO,2025,(blank),Charged off $,0
FICO,2025,(blank),Charge-off rate,
FICO,2025,(blank),× book,
FICO,2025,(blank),% of charge-offs,0
FICO,2025,(blank),RANR $,0
FICO,2025,(blank),RANR rate,
FICO,2025,(blank),% of RANR,0
FICO,2025,(marked missing),Loans,28
FICO,2025,(marked missing),% of loans,0.0164512338425382
FICO,2025,(marked missing),Bad loans,0
FICO,2025,(marked missing),Bad loans %,0
FICO,2025,(marked missing),Booked $,929041.05
FICO,2025,(marked missing),% of booked,0.0174479688668189
FICO,2025,(marked missing),Charged off $,0
FICO,2025,(marked missing),Charge-off rate,0
FICO,2025,(marked missing),× book,0
FICO,2025,(marked missing),% of charge-offs,0
FICO,2025,(marked missing),RANR $,66405.06
FICO,2025,(marked missing),RANR rate,0.0714769923245049
FICO,2025,(marked missing),% of RANR,0.0468631585151732
FICO,2025,All,Loans,1702
FICO,2025,All,% of loans,1
FICO,2025,All,Bad loans,130
FICO,2025,All,Bad loans %,0.0763807285546416
FICO,2025,All,Booked $,53246372.52
FICO,2025,All,% of booked,1
FICO,2025,All,Charged off $,2197330.36
FICO,2025,All,Charge-off rate,0.0412672310996332
FICO,2025,All,× book,0.991875205433876
FICO,2025,All,% of charge-offs,1
FICO,2025,All,RANR $,1416999.24
FICO,2025,All,RANR rate,0.0266121272292823
FICO,2025,All,% of RANR,1
FICO,2026,496 - 653,Loans,68
FICO,2026,496 - 653,% of loans,0.18230563002681
FICO,2026,496 - 653,Bad loans,11
FICO,2026,496 - 653,Bad loans %,0.161764705882353
FICO,2026,496 - 653,Booked $,2070598.7
FICO,2026,496 - 653,% of booked,0.175286652098795
FICO,2026,496 - 653,Charged off $,168322.6
FICO,2026,496 - 653,Charge-off rate,0.0812917539260505
FICO,2026,496 - 653,× book,1.95388139637501
FICO,2026,496 - 653,% of charge-offs,0.40647246202474
FICO,2026,496 - 653,RANR $,-77852.13
FICO,2026,496 - 653,RANR rate,-0.0375988500330846
FICO,2026,496 - 653,% of RANR,1.36083234864323
FICO,2026,654 - 685,Loans,81
FICO,2026,654 - 685,% of loans,0.2171581769437
FICO,2026,654 - 685,Bad loans,4
FICO,2026,654 - 685,Bad loans %,0.0493827160493827
FICO,2026,654 - 685,Booked $,2353791.45
FICO,2026,654 - 685,% of booked,0.199260350646057
FICO,2026,654 - 685,Charged off $,56559.63
FICO,2026,654 - 685,Charge-off rate,0.0240291594227687
FICO,2026,654 - 685,× book,0.577550923669166
FICO,2026,654 - 685,% of charge-offs,0.136582562634538
FICO,2026,654 - 685,RANR $,27937.94
FICO,2026,654 - 685,RANR rate,0.0118693353228044
FICO,2026,654 - 685,% of RANR,-0.488346979157198
FICO,2026,686 - 711,Loans,72
FICO,2026,686 - 711,% of loans,0.193029490616622
FICO,2026,686 - 711,Bad loans,3
FICO,2026,686 - 711,Bad loans %,0.0416666666666667
FICO,2026,686 - 711,Booked $,2419532.64
FICO,2026,686 - 711,% of booked,0.20482567486851
FICO,2026,686 - 711,Charged off $,52200.03
FICO,2026,686 - 711,Charge-off rate,0.02157442686948
FICO,2026,686 - 711,× book,0.518550397326606
FICO,2026,686 - 711,% of charge-offs,0.12605481802126
FICO,2026,686 - 711,RANR $,27208.85
FICO,2026,686 - 711,RANR rate,0.0112454982215078
FICO,2026,686 - 711,% of RANR,-0.475602700264992
FICO,2026,712 - 745,Loans,83
FICO,2026,712 - 745,% of loans,0.222520107238606
FICO,2026,712 - 745,Bad loans,4
FICO,2026,712 - 745,Bad loans %,0.0481927710843374
FICO,2026,712 - 745,Booked $,2704072.86
FICO,2026,712 - 745,% of booked,0.22891344356616
FICO,2026,712 - 745,Charged off $,79251.66
FICO,2026,712 - 745,Charge-off rate,0.0293082561392225
FICO,2026,712 - 745,× book,0.704436227107526
FICO,2026,712 - 745,% of charge-offs,0.191380226777317
FICO,2026,712 - 745,RANR $,-14676.32
FICO,2026,712 - 745,RANR rate,-0.00542748689101521
FICO,2026,712 - 745,% of RANR,0.256537759661034
FICO,2026,746 - 921,Loans,62
FICO,2026,746 - 921,% of loans,0.166219839142091
FICO,2026,746 - 921,Bad loans,3
FICO,2026,746 - 921,Bad loans %,0.0483870967741936
FICO,2026,746 - 921,Booked $,1965250.21
FICO,2026,746 - 921,% of booked,0.166368369615684
FICO,2026,746 - 921,Charged off $,57771.87
FICO,2026,746 - 921,Charge-off rate,0.0293966995683466
FICO,2026,746 - 921,× book,0.706562002016434
FICO,2026,746 - 921,% of charge-offs,0.139509930542145
FICO,2026,746 - 921,RANR $,-25879.97
FICO,2026,746 - 921,RANR rate,-0.0131687913672835
FICO,2026,746 - 921,% of RANR,0.452374268474301
FICO,2026,(blank),Loans,0
FICO,2026,(blank),% of loans,0
FICO,2026,(blank),Bad loans,0
FICO,2026,(blank),Bad loans %,
FICO,2026,(blank),Booked $,0
FICO,2026,(blank),% of booked,0
FICO,2026,(blank),Charged off $,0
FICO,2026,(blank),Charge-off rate,
FICO,2026,(blank),× book,
FICO,2026,(blank),% of charge-offs,0
FICO,2026,(blank),RANR $,0
FICO,2026,(blank),RANR rate,
FICO,2026,(blank),% of RANR,0
FICO,2026,(marked missing),Loans,7
FICO,2026,(marked missing),% of loans,0.0187667560321716
FICO,2026,(marked missing),Bad loans,0
FICO,2026,(marked missing),Bad loans %,0
FICO,2026,(marked missing),Booked $,299397.46
FICO,2026,(marked missing),% of booked,0.0253455092047933
FICO,2026,(marked missing),Charged off $,0
FICO,2026,(marked missing),Charge-off rate,0
FICO,2026,(marked missing),× book,0
FICO,2026,(marked missing),% of charge-offs,0
FICO,2026,(marked missing),RANR $,6052.43
FICO,2026,(marked missing),RANR rate,0.020215368560575
FICO,2026,(marked missing),% of RANR,-0.105794697356369
FICO,2026,All,Loans,373
FICO,2026,All,% of loans,1
FICO,2026,All,Bad loans,25
FICO,2026,All,Bad loans %,0.0670241286863271
FICO,2026,All,Booked $,11812643.32
FICO,2026,All,% of booked,1
FICO,2026,All,Charged off $,414105.79
FICO,2026,All,Charge-off rate,0.0350561494817064
FICO,2026,All,× book,0.842589254048528
FICO,2026,All,% of charge-offs,1
FICO,2026,All,RANR $,-57209.2
FICO,2026,All,RANR rate,-0.00484304811803968
FICO,2026,All,% of RANR,1
REV_DEBT,All loans,"0 - 6,558",Loans,1601
REV_DEBT,All loans,"0 - 6,558",% of loans,0.200125
REV_DEBT,All loans,"0 - 6,558",Bad loans,65
REV_DEBT,All loans,"0 - 6,558",Bad loans %,0.0405996252342286
REV_DEBT,All loans,"0 - 6,558",Booked $,52407205.85
REV_DEBT,All loans,"0 - 6,558",% of booked,0.20307483017086
REV_DEBT,All loans,"0 - 6,558",Charged off $,1025124.7
REV_DEBT,All loans,"0 - 6,558",Charge-off rate,0.0195607585516792
REV_DEBT,All loans,"0 - 6,558",× book,0.470151034850063
REV_DEBT,All loans,"0 - 6,558",% of charge-offs,0.0954905255956466
REV_DEBT,All loans,"0 - 6,558",RANR $,5577570.62
REV_DEBT,All loans,"0 - 6,558",RANR rate,0.106427551889794
REV_DEBT,All loans,"0 - 6,558",% of RANR,0.168862791169588
REV_DEBT,All loans,"6,559 - 9,836",Loans,1600
REV_DEBT,All loans,"6,559 - 9,836",% of loans,0.2
REV_DEBT,All loans,"6,559 - 9,836",Bad loans,63
REV_DEBT,All loans,"6,559 - 9,836",Bad loans %,0.039375
REV_DEBT,All loans,"6,559 - 9,836",Booked $,51470583.09
REV_DEBT,All loans,"6,559 - 9,836",% of booked,0.199445472245052
REV_DEBT,All loans,"6,559 - 9,836",Charged off $,1134456.91
REV_DEBT,All loans,"6,559 - 9,836",Charge-off rate,0.0220578862037718
REV_DEBT,All loans,"6,559 - 9,836",× book,0.530170545171316
REV_DEBT,All loans,"6,559 - 9,836",% of charge-offs,0.105674837999234
REV_DEBT,All loans,"6,559 - 9,836",RANR $,6041978.34
REV_DEBT,All loans,"6,559 - 9,836",RANR rate,0.117387019483249
REV_DEBT,All loans,"6,559 - 9,836",% of RANR,0.182922888151364
REV_DEBT,All loans,"9,837 - 13,051",Loans,1599
REV_DEBT,All loans,"9,837 - 13,051",% of loans,0.199875
REV_DEBT,All loans,"9,837 - 13,051",Bad loans,99
REV_DEBT,All loans,"9,837 - 13,051",Bad loans %,0.0619524405506884
REV_DEBT,All loans,"9,837 - 13,051",Booked $,52110219.03
REV_DEBT,All loans,"9,837 - 13,051",% of booked,0.201924023768261
REV_DEBT,All loans,"9,837 - 13,051",Charged off $,1682414.12
REV_DEBT,All loans,"9,837 - 13,051",Charge-off rate,0.0322856850598043
REV_DEBT,All loans,"9,837 - 13,051",× book,0.775999979837547
REV_DEBT,All loans,"9,837 - 13,051",% of charge-offs,0.156717137523208
REV_DEBT,All loans,"9,837 - 13,051",RANR $,6847531.61999999
REV_DEBT,All loans,"9,837 - 13,051",RANR rate,0.131404775252582
REV_DEBT,All loans,"9,837 - 13,051",% of RANR,0.207311279543281
REV_DEBT,All loans,"13,052 - 17,186",Loans,1600
REV_DEBT,All loans,"13,052 - 17,186",% of loans,0.2
REV_DEBT,All loans,"13,052 - 17,186",Bad loans,149
REV_DEBT,All loans,"13,052 - 17,186",Bad loans %,0.093125
REV_DEBT,All loans,"13,052 - 17,186",Booked $,51298005.35
REV_DEBT,All loans,"13,052 - 17,186",% of booked,0.198776743686195
REV_DEBT,All loans,"13,052 - 17,186",Charged off $,2648363.9
REV_DEBT,All loans,"13,052 - 17,186",Charge-off rate,0.0516270346562315
REV_DEBT,All loans,"13,052 - 17,186",× book,1.24087742843611
REV_DEBT,All loans,"13,052 - 17,186",% of charge-offs,0.246695510097002
REV_DEBT,All loans,"13,052 - 17,186",RANR $,7138502.38
REV_DEBT,All loans,"13,052 - 17,186",RANR rate,0.139157503908678
REV_DEBT,All loans,"13,052 - 17,186",% of RANR,0.216120515325281
REV_DEBT,All loans,"17,187 - 48,521",Loans,1600
REV_DEBT,All loans,"17,187 - 48,521",% of loans,0.2
REV_DEBT,All loans,"17,187 - 48,521",Bad loans,243
REV_DEBT,All loans,"17,187 - 48,521",Bad loans %,0.151875
REV_DEBT,All loans,"17,187 - 48,521",Booked $,50782432.71
REV_DEBT,All loans,"17,187 - 48,521",% of booked,0.196778930129632
REV_DEBT,All loans,"17,187 - 48,521",Charged off $,4244995.46
REV_DEBT,All loans,"17,187 - 48,521",Charge-off rate,0.0835918098733399
REV_DEBT,All loans,"17,187 - 48,521",× book,2.00916420562671
REV_DEBT,All loans,"17,187 - 48,521",% of charge-offs,0.39542198878491
REV_DEBT,All loans,"17,187 - 48,521",RANR $,7424610.25999999
REV_DEBT,All loans,"17,187 - 48,521",RANR rate,0.146204304594844
REV_DEBT,All loans,"17,187 - 48,521",% of RANR,0.224782525810486
REV_DEBT,All loans,All,Loans,8000
REV_DEBT,All loans,All,% of loans,1
REV_DEBT,All loans,All,Bad loans,619
REV_DEBT,All loans,All,Bad loans %,0.0773846730841355
REV_DEBT,All loans,All,Booked $,258068446.03
REV_DEBT,All loans,All,% of booked,1
REV_DEBT,All loans,All,Charged off $,10735355.09
REV_DEBT,All loans,All,Charge-off rate,0.0416052653333356
REV_DEBT,All loans,All,× book,0.999999999999999
REV_DEBT,All loans,All,% of charge-offs,1
REV_DEBT,All loans,All,RANR $,33030193.22
REV_DEBT,All loans,All,RANR rate,0.127990049648148
REV_DEBT,All loans,All,% of RANR,1
REV_DEBT,2021,"0 - 6,558",Loans,174
REV_DEBT,2021,"0 - 6,558",% of loans,0.207389749702026
REV_DEBT,2021,"0 - 6,558",Bad loans,7
REV_DEBT,2021,"0 - 6,558",Bad loans %,0.0402298850574713
REV_DEBT,2021,"0 - 6,558",Booked $,5852801.28
REV_DEBT,2021,"0 - 6,558",% of booked,0.213858728652551
REV_DEBT,2021,"0 - 6,558",Charged off $,83867.27
REV_DEBT,2021,"0 - 6,558",Charge-off rate,0.0143294238071244
REV_DEBT,2021,"0 - 6,558",× book,0.344413710435903
REV_DEBT,2021,"0 - 6,558",% of charge-offs,0.079601449042205
REV_DEBT,2021,"0 - 6,558",RANR $,1288383.01
REV_DEBT,2021,"0 - 6,558",RANR rate,0.220131001953308
REV_DEBT,2021,"0 - 6,558",% of RANR,0.182818620259583
REV_DEBT,2021,"6,559 - 9,836",Loans,173
REV_DEBT,2021,"6,559 - 9,836",% of loans,0.206197854588796
REV_DEBT,2021,"6,559 - 9,836",Bad loans,10
REV_DEBT,2021,"6,559 - 9,836",Bad loans %,0.0578034682080925
REV_DEBT,2021,"6,559 - 9,836",Booked $,5563221.88
REV_DEBT,2021,"6,559 - 9,836",% of booked,0.20327762750709
REV_DEBT,2021,"6,559 - 9,836",Charged off $,180958.72
REV_DEBT,2021,"6,559 - 9,836",Charge-off rate,0.0325276834006125
REV_DEBT,2021,"6,559 - 9,836",× book,0.781816511444048
REV_DEBT,2021,"6,559 - 9,836",% of charge-offs,0.171754444002084
REV_DEBT,2021,"6,559 - 9,836",RANR $,1229193.33
REV_DEBT,2021,"6,559 - 9,836",RANR rate,0.220949902145553
REV_DEBT,2021,"6,559 - 9,836",% of RANR,0.174419739222486
REV_DEBT,2021,"9,837 - 13,051",Loans,179
REV_DEBT,2021,"9,837 - 13,051",% of loans,0.213349225268176
REV_DEBT,2021,"9,837 - 13,051",Bad loans,6
REV_DEBT,2021,"9,837 - 13,051",Bad loans %,0.0335195530726257
REV_DEBT,2021,"9,837 - 13,051",Booked $,6039931.37
REV_DEBT,2021,"9,837 - 13,051",% of booked,0.220696378049053
REV_DEBT,2021,"9,837 - 13,051",Charged off $,87943.58
REV_DEBT,2021,"9,837 - 13,051",Charge-off rate,0.0145603608075434
REV_DEBT,2021,"9,837 - 13,051",× book,0.349964378087432
REV_DEBT,2021,"9,837 - 13,051",% of charge-offs,0.083470421798147
REV_DEBT,2021,"9,837 - 13,051",RANR $,1594034.55
REV_DEBT,2021,"9,837 - 13,051",RANR rate,0.263916003734327
REV_DEBT,2021,"9,837 - 13,051",% of RANR,0.22618987895308
REV_DEBT,2021,"13,052 - 17,186",Loans,163
REV_DEBT,2021,"13,052 - 17,186",% of loans,0.194278903456496
REV_DEBT,2021,"13,052 - 17,186",Bad loans,11
REV_DEBT,2021,"13,052 - 17,186",Bad loans %,0.0674846625766871
REV_DEBT,2021,"13,052 - 17,186",Booked $,5222292.68
REV_DEBT,2021,"13,052 - 17,186",% of booked,0.190820227745085
REV_DEBT,2021,"13,052 - 17,186",Charged off $,192576.93
REV_DEBT,2021,"13,052 - 17,186",Charge-off rate,0.0368759358772668
REV_DEBT,2021,"13,052 - 17,186",× book,0.886328583217098
REV_DEBT,2021,"13,052 - 17,186",% of charge-offs,0.182781705903856
REV_DEBT,2021,"13,052 - 17,186",RANR $,1575243.97
REV_DEBT,2021,"13,052 - 17,186",RANR rate,0.301638392660903
REV_DEBT,2021,"13,052 - 17,186",% of RANR,0.223523538367389
REV_DEBT,2021,"17,187 - 48,521",Loans,150
REV_DEBT,2021,"17,187 - 48,521",% of loans,0.178784266984505
REV_DEBT,2021,"17,187 - 48,521",Bad loans,26
REV_DEBT,2021,"17,187 - 48,521",Bad loans %,0.173333333333333
REV_DEBT,2021,"17,187 - 48,521",Booked $,4689358.11
REV_DEBT,2021,"17,187 - 48,521",% of booked,0.171347038046221
REV_DEBT,2021,"17,187 - 48,521",Charged off $,508243.24
REV_DEBT,2021,"17,187 - 48,521",Charge-off rate,0.10838226215144
REV_DEBT,2021,"17,187 - 48,521",× book,2.6050131223319
REV_DEBT,2021,"17,187 - 48,521",% of charge-offs,0.482391979253708
REV_DEBT,2021,"17,187 - 48,521",RANR $,1360474.39
REV_DEBT,2021,"17,187 - 48,521",RANR rate,0.290119534078407
REV_DEBT,2021,"17,187 - 48,521",% of RANR,0.193048223197462
REV_DEBT,2021,All,Loans,839
REV_DEBT,2021,All,% of loans,1
REV_DEBT,2021,All,Bad loans,60
REV_DEBT,2021,All,Bad loans %,0.0715137067938022
REV_DEBT,2021,All,Booked $,27367605.32
REV_DEBT,2021,All,% of booked,1
REV_DEBT,2021,All,Charged off $,1053589.74
REV_DEBT,2021,All,Charge-off rate,0.0384976956398171
REV_DEBT,2021,All,× book,0.925308259216205
REV_DEBT,2021,All,% of charge-offs,1
REV_DEBT,2021,All,RANR $,7047329.25
REV_DEBT,2021,All,RANR rate,0.257506243882064
REV_DEBT,2021,All,% of RANR,1
REV_DEBT,2022,"0 - 6,558",Loans,334
REV_DEBT,2022,"0 - 6,558",% of loans,0.191843767949454
REV_DEBT,2022,"0 - 6,558",Bad loans,11
REV_DEBT,2022,"0 - 6,558",Bad loans %,0.032934131736527
REV_DEBT,2022,"0 - 6,558",Booked $,10674673.02
REV_DEBT,2022,"0 - 6,558",% of booked,0.189825898910576
REV_DEBT,2022,"0 - 6,558",Charged off $,129664.32
REV_DEBT,2022,"0 - 6,558",Charge-off rate,0.0121469125805598
REV_DEBT,2022,"0 - 6,558",× book,0.291956137840737
REV_DEBT,2022,"0 - 6,558",% of charge-offs,0.0507858913598134
REV_DEBT,2022,"0 - 6,558",RANR $,1870700.43
REV_DEBT,2022,"0 - 6,558",RANR rate,0.175246625961757
REV_DEBT,2022,"0 - 6,558",% of RANR,0.157800337958191
REV_DEBT,2022,"6,559 - 9,836",Loans,324
REV_DEBT,2022,"6,559 - 9,836",% of loans,0.186099942561746
REV_DEBT,2022,"6,559 - 9,836",Bad loans,10
REV_DEBT,2022,"6,559 - 9,836",Bad loans %,0.0308641975308642
REV_DEBT,2022,"6,559 - 9,836",Booked $,10491098.24
REV_DEBT,2022,"6,559 - 9,836",% of booked,0.186561419748964
REV_DEBT,2022,"6,559 - 9,836",Charged off $,220171.49
REV_DEBT,2022,"6,559 - 9,836",Charge-off rate,0.0209865054128022
REV_DEBT,2022,"6,559 - 9,836",× book,0.504419458562787
REV_DEBT,2022,"6,559 - 9,836",% of charge-offs,0.0862350211042502
REV_DEBT,2022,"6,559 - 9,836",RANR $,1929298.06
REV_DEBT,2022,"6,559 - 9,836",RANR rate,0.18389857914437
REV_DEBT,2022,"6,559 - 9,836",% of RANR,0.162743259694489
REV_DEBT,2022,"9,837 - 13,051",Loans,364
REV_DEBT,2022,"9,837 - 13,051",% of loans,0.209075244112579
REV_DEBT,2022,"9,837 - 13,051",Bad loans,28
REV_DEBT,2022,"9,837 - 13,051",Bad loans %,0.0769230769230769
REV_DEBT,2022,"9,837 - 13,051",Booked $,11727554.41
REV_DEBT,2022,"9,837 - 13,051",% of booked,0.208549110003646
REV_DEBT,2022,"9,837 - 13,051",Charged off $,520029.86
REV_DEBT,2022,"9,837 - 13,051",Charge-off rate,0.0443425663884855
REV_DEBT,2022,"9,837 - 13,051",× book,1.0657921787836
REV_DEBT,2022,"9,837 - 13,051",% of charge-offs,0.203681166675759
REV_DEBT,2022,"9,837 - 13,051",RANR $,2320238.86
REV_DEBT,2022,"9,837 - 13,051",RANR rate,0.197845073140019
REV_DEBT,2022,"9,837 - 13,051",% of RANR,0.195720528193671
REV_DEBT,2022,"13,052 - 17,186",Loans,359
REV_DEBT,2022,"13,052 - 17,186",% of loans,0.206203331418725
REV_DEBT,2022,"13,052 - 17,186",Bad loans,38
REV_DEBT,2022,"13,052 - 17,186",Bad loans %,0.105849582172702
REV_DEBT,2022,"13,052 - 17,186",Booked $,11461304.83
REV_DEBT,2022,"13,052 - 17,186",% of booked,0.203814438902867
REV_DEBT,2022,"13,052 - 17,186",Charged off $,653171.47
REV_DEBT,2022,"13,052 - 17,186",Charge-off rate,0.0569892764993321
REV_DEBT,2022,"13,052 - 17,186",× book,1.36976115986142
REV_DEBT,2022,"13,052 - 17,186",% of charge-offs,0.25582901537408
REV_DEBT,2022,"13,052 - 17,186",RANR $,2691896.9
REV_DEBT,2022,"13,052 - 17,186",RANR rate,0.234868275464932
REV_DEBT,2022,"13,052 - 17,186",% of RANR,0.227071226240433
REV_DEBT,2022,"17,187 - 48,521",Loans,360
REV_DEBT,2022,"17,187 - 48,521",% of loans,0.206777713957496
REV_DEBT,2022,"17,187 - 48,521",Bad loans,58
REV_DEBT,2022,"17,187 - 48,521",Bad loans %,0.161111111111111
REV_DEBT,2022,"17,187 - 48,521",Booked $,11879387.52
REV_DEBT,2022,"17,187 - 48,521",% of booked,0.211249132433948
REV_DEBT,2022,"17,187 - 48,521",Charged off $,1030119.19
REV_DEBT,2022,"17,187 - 48,521",Charge-off rate,0.086714840160379
REV_DEBT,2022,"17,187 - 48,521",× book,2.08422754825938
REV_DEBT,2022,"17,187 - 48,521",% of charge-offs,0.403468905486097
REV_DEBT,2022,"17,187 - 48,521",RANR $,3042722.68
REV_DEBT,2022,"17,187 - 48,521",RANR rate,0.256134642874248
REV_DEBT,2022,"17,187 - 48,521",% of RANR,0.256664647913216
REV_DEBT,2022,All,Loans,1741
REV_DEBT,2022,All,% of loans,1
REV_DEBT,2022,All,Bad loans,145
REV_DEBT,2022,All,Bad loans %,0.0832854681217691
REV_DEBT,2022,All,Booked $,56234018.02
REV_DEBT,2022,All,% of booked,1
REV_DEBT,2022,All,Charged off $,2553156.33
REV_DEBT,2022,All,Charge-off rate,0.0454023457667911
REV_DEBT,2022,All,× book,1.09126442057354
REV_DEBT,2022,All,% of charge-offs,1
REV_DEBT,2022,All,RANR $,11854856.93
REV_DEBT,2022,All,RANR rate,0.210812909114617
REV_DEBT,2022,All,% of RANR,1
REV_DEBT,2023,"0 - 6,558",Loans,311
REV_DEBT,2023,"0 - 6,558",% of loans,0.192928039702233
REV_DEBT,2023,"0 - 6,558",Bad loans,11
REV_DEBT,2023,"0 - 6,558",Bad loans %,0.0353697749196142
REV_DEBT,2023,"0 - 6,558",Booked $,10099918.05
REV_DEBT,2023,"0 - 6,558",% of booked,0.192604867563553
REV_DEBT,2023,"0 - 6,558",Charged off $,190339.26
REV_DEBT,2023,"0 - 6,558",Charge-off rate,0.0188456241979112
REV_DEBT,2023,"0 - 6,558",× book,0.452962480756285
REV_DEBT,2023,"0 - 6,558",% of charge-offs,0.0927601381050509
REV_DEBT,2023,"0 - 6,558",RANR $,1237767.75
REV_DEBT,2023,"0 - 6,558",RANR rate,0.122552256748261
REV_DEBT,2023,"0 - 6,558",% of RANR,0.155487463833258
REV_DEBT,2023,"6,559 - 9,836",Loans,343
REV_DEBT,2023,"6,559 - 9,836",% of loans,0.212779156327543
REV_DEBT,2023,"6,559 - 9,836",Bad loans,12
REV_DEBT,2023,"6,559 - 9,836",Bad loans %,0.0349854227405248
REV_DEBT,2023,"6,559 - 9,836",Booked $,10929560.7
REV_DEBT,2023,"6,559 - 9,836",% of booked,0.20842610610601
REV_DEBT,2023,"6,559 - 9,836",Charged off $,242682.04
REV_DEBT,2023,"6,559 - 9,836",Charge-off rate,0.022285105356849
REV_DEBT,2023,"6,559 - 9,836",× book,0.535631852802856
REV_DEBT,2023,"6,559 - 9,836",% of charge-offs,0.118268924372279
REV_DEBT,2023,"6,559 - 9,836",RANR $,1523507.56
REV_DEBT,2023,"6,559 - 9,836",RANR rate,0.139393302422484
REV_DEBT,2023,"6,559 - 9,836",% of RANR,0.191381886169837
REV_DEBT,2023,"9,837 - 13,051",Loans,326
REV_DEBT,2023,"9,837 - 13,051",% of loans,0.202233250620347
REV_DEBT,2023,"9,837 - 13,051",Bad loans,24
REV_DEBT,2023,"9,837 - 13,051",Bad loans %,0.0738461538461539
REV_DEBT,2023,"9,837 - 13,051",Booked $,10538729.31
REV_DEBT,2023,"9,837 - 13,051",% of booked,0.200972973542164
REV_DEBT,2023,"9,837 - 13,051",Charged off $,396651.34
REV_DEBT,2023,"9,837 - 13,051",Charge-off rate,0.0376374919909581
REV_DEBT,2023,"9,837 - 13,051",× book,0.904632903778204
REV_DEBT,2023,"9,837 - 13,051",% of charge-offs,0.193304487355649
REV_DEBT,2023,"9,837 - 13,051",RANR $,1503427.48
REV_DEBT,2023,"9,837 - 13,051",RANR rate,0.142657376973657
REV_DEBT,2023,"9,837 - 13,051",% of RANR,0.188859441460183
REV_DEBT,2023,"13,052 - 17,186",Loans,309
REV_DEBT,2023,"13,052 - 17,186",% of loans,0.191687344913151
REV_DEBT,2023,"13,052 - 17,186",Bad loans,29
REV_DEBT,2023,"13,052 - 17,186",Bad loans %,0.0938511326860841
REV_DEBT,2023,"13,052 - 17,186",Booked $,10310626.37
REV_DEBT,2023,"13,052 - 17,186",% of booked,0.196623063341699
REV_DEBT,2023,"13,052 - 17,186",Charged off $,571801.33
REV_DEBT,2023,"13,052 - 17,186",Charge-off rate,0.0554574775072564
REV_DEBT,2023,"13,052 - 17,186",× book,1.3329437287069
REV_DEBT,2023,"13,052 - 17,186",% of charge-offs,0.278662270408384
REV_DEBT,2023,"13,052 - 17,186",RANR $,1602877.76
REV_DEBT,2023,"13,052 - 17,186",RANR rate,0.155458815253336
REV_DEBT,2023,"13,052 - 17,186",% of RANR,0.201352311640964
REV_DEBT,2023,"17,187 - 48,521",Loans,323
REV_DEBT,2023,"17,187 - 48,521",% of loans,0.200372208436725
REV_DEBT,2023,"17,187 - 48,521",Bad loans,37
REV_DEBT,2023,"17,187 - 48,521",Bad loans %,0.114551083591331
REV_DEBT,2023,"17,187 - 48,521",Booked $,10559705.56
REV_DEBT,2023,"17,187 - 48,521",% of booked,0.201372989446574
REV_DEBT,2023,"17,187 - 48,521",Charged off $,650477.05
REV_DEBT,2023,"17,187 - 48,521",Charge-off rate,0.0615999230569455
REV_DEBT,2023,"17,187 - 48,521",× book,1.48057998340872
REV_DEBT,2023,"17,187 - 48,521",% of charge-offs,0.317004179758638
REV_DEBT,2023,"17,187 - 48,521",RANR $,2092982.44
REV_DEBT,2023,"17,187 - 48,521",RANR rate,0.198204621152335
REV_DEBT,2023,"17,187 - 48,521",% of RANR,0.262918896895758
REV_DEBT,2023,All,Loans,1612
REV_DEBT,2023,All,% of loans,1
REV_DEBT,2023,All,Bad loans,113
REV_DEBT,2023,All,Bad loans %,0.0701427684667908
REV_DEBT,2023,All,Booked $,52438539.99
REV_DEBT,2023,All,% of booked,1
REV_DEBT,2023,All,Charged off $,2051951.02
REV_DEBT,2023,All,Charge-off rate,0.0391602258879564
REV_DEBT,2023,All,× book,0.941232451570975
REV_DEBT,2023,All,% of charge-offs,1
REV_DEBT,2023,All,RANR $,7960562.99
REV_DEBT,2023,All,RANR rate,0.151807487232064
REV_DEBT,2023,All,% of RANR,1
REV_DEBT,2024,"0 - 6,558",Loans,364
REV_DEBT,2024,"0 - 6,558",% of loans,0.210040392383151
REV_DEBT,2024,"0 - 6,558",Bad loans,19
REV_DEBT,2024,"0 - 6,558",Bad loans %,0.0521978021978022
REV_DEBT,2024,"0 - 6,558",Booked $,12450737.59
REV_DEBT,2024,"0 - 6,558",% of booked,0.218551831123213
REV_DEBT,2024,"0 - 6,558",Charged off $,348681.58
REV_DEBT,2024,"0 - 6,558",Charge-off rate,0.0280048934835836
REV_DEBT,2024,"0 - 6,558",× book,0.673109359097033
REV_DEBT,2024,"0 - 6,558",% of charge-offs,0.141440244008871
REV_DEBT,2024,"0 - 6,558",RANR $,834105.53
REV_DEBT,2024,"0 - 6,558",RANR rate,0.066992459199359
REV_DEBT,2024,"0 - 6,558",% of RANR,0.173495332289937
REV_DEBT,2024,"6,559 - 9,836",Loans,340
REV_DEBT,2024,"6,559 - 9,836",% of loans,0.196191575302943
REV_DEBT,2024,"6,559 - 9,836",Bad loans,12
REV_DEBT,2024,"6,559 - 9,836",Bad loans %,0.0352941176470588
REV_DEBT,2024,"6,559 - 9,836",Booked $,11242100.44
REV_DEBT,2024,"6,559 - 9,836",% of booked,0.197336231614619
REV_DEBT,2024,"6,559 - 9,836",Charged off $,160343.49
REV_DEBT,2024,"6,559 - 9,836",Charge-off rate,0.0142627697426977
REV_DEBT,2024,"6,559 - 9,836",× book,0.342811652045151
REV_DEBT,2024,"6,559 - 9,836",% of charge-offs,0.0650422151661523
REV_DEBT,2024,"6,559 - 9,836",RANR $,988129.1
REV_DEBT,2024,"6,559 - 9,836",RANR rate,0.0878954164547564
REV_DEBT,2024,"6,559 - 9,836",% of RANR,0.205532490055373
REV_DEBT,2024,"9,837 - 13,051",Loans,333
REV_DEBT,2024,"9,837 - 13,051",% of loans,0.192152336987882
REV_DEBT,2024,"9,837 - 13,051",Bad loans,18
REV_DEBT,2024,"9,837 - 13,051",Bad loans %,0.0540540540540541
REV_DEBT,2024,"9,837 - 13,051",Booked $,11119619.47
REV_DEBT,2024,"9,837 - 13,051",% of booked,0.195186283462732
REV_DEBT,2024,"9,837 - 13,051",Charged off $,280272.89
REV_DEBT,2024,"9,837 - 13,051",Charge-off rate,0.0252052591148607
REV_DEBT,2024,"9,837 - 13,051",× book,0.605818972981416
REV_DEBT,2024,"9,837 - 13,051",% of charge-offs,0.11369073740767
REV_DEBT,2024,"9,837 - 13,051",RANR $,1072820.11
REV_DEBT,2024,"9,837 - 13,051",RANR rate,0.0964799301715674
REV_DEBT,2024,"9,837 - 13,051",% of RANR,0.223148360461988
REV_DEBT,2024,"13,052 - 17,186",Loans,342
REV_DEBT,2024,"13,052 - 17,186",% of loans,0.19734564339296
REV_DEBT,2024,"13,052 - 17,186",Bad loans,37
REV_DEBT,2024,"13,052 - 17,186",Bad loans %,0.108187134502924
REV_DEBT,2024,"13,052 - 17,186",Booked $,11157230.7
REV_DEBT,2024,"13,052 - 17,186",% of booked,0.195846485569465
REV_DEBT,2024,"13,052 - 17,186",Charged off $,627265.75
REV_DEBT,2024,"13,052 - 17,186",Charge-off rate,0.0562205592826901
REV_DEBT,2024,"13,052 - 17,186",× book,1.35128471918779
REV_DEBT,2024,"13,052 - 17,186",% of charge-offs,0.254445963960607
REV_DEBT,2024,"13,052 - 17,186",RANR $,996515.05
REV_DEBT,2024,"13,052 - 17,186",RANR rate,0.0893156265021929
REV_DEBT,2024,"13,052 - 17,186",% of RANR,0.20727678155026
REV_DEBT,2024,"17,187 - 48,521",Loans,354
REV_DEBT,2024,"17,187 - 48,521",% of loans,0.204270051933064
REV_DEBT,2024,"17,187 - 48,521",Bad loans,60
REV_DEBT,2024,"17,187 - 48,521",Bad loans %,0.169491525423729
REV_DEBT,2024,"17,187 - 48,521",Booked $,10999578.66
REV_DEBT,2024,"17,187 - 48,521",% of booked,0.19307916822997
REV_DEBT,2024,"17,187 - 48,521",Charged off $,1048658.14
REV_DEBT,2024,"17,187 - 48,521",Charge-off rate,0.0953362099053347
REV_DEBT,2024,"17,187 - 48,521",× book,2.29144578556378
REV_DEBT,2024,"17,187 - 48,521",% of charge-offs,0.425380839456701
REV_DEBT,2024,"17,187 - 48,521",RANR $,916084.22
REV_DEBT,2024,"17,187 - 48,521",RANR rate,0.0832835737000857
REV_DEBT,2024,"17,187 - 48,521",% of RANR,0.190547035642442
REV_DEBT,2024,All,Loans,1733
REV_DEBT,2024,All,% of loans,1
REV_DEBT,2024,All,Bad loans,146
REV_DEBT,2024,All,Bad loans %,0.0842469705712637
REV_DEBT,2024,All,Booked $,56969266.86
REV_DEBT,2024,All,% of booked,1
REV_DEBT,2024,All,Charged off $,2465221.85
REV_DEBT,2024,All,Charge-off rate,0.043272837897988
REV_DEBT,2024,All,× book,1.04008080590983
REV_DEBT,2024,All,% of charge-offs,1
REV_DEBT,2024,All,RANR $,4807654.01
REV_DEBT,2024,All,RANR rate,0.0843903085818999
REV_DEBT,2024,All,% of RANR,1
REV_DEBT,2025,"0 - 6,558",Loans,344
REV_DEBT,2025,"0 - 6,558",% of loans,0.202115158636898
REV_DEBT,2025,"0 - 6,558",Bad loans,14
REV_DEBT,2025,"0 - 6,558",Bad loans %,0.0406976744186047
REV_DEBT,2025,"0 - 6,558",Booked $,10764924.69
REV_DEBT,2025,"0 - 6,558",% of booked,0.202171982437988
REV_DEBT,2025,"0 - 6,558",Charged off $,225852.47
REV_DEBT,2025,"0 - 6,558",Charge-off rate,0.0209804040905
REV_DEBT,2025,"0 - 6,558",× book,0.504272810722582
REV_DEBT,2025,"0 - 6,558",% of charge-offs,0.102784940358263
REV_DEBT,2025,"0 - 6,558",RANR $,331421.74
REV_DEBT,2025,"0 - 6,558",RANR rate,0.0307871861201102
REV_DEBT,2025,"0 - 6,558",% of RANR,0.233889850216151
REV_DEBT,2025,"6,559 - 9,836",Loans,347
REV_DEBT,2025,"6,559 - 9,836",% of loans,0.203877790834313
REV_DEBT,2025,"6,559 - 9,836",Bad loans,15
REV_DEBT,2025,"6,559 - 9,836",Bad loans %,0.0432276657060519
REV_DEBT,2025,"6,559 - 9,836",Booked $,10976334.8
REV_DEBT,2025,"6,559 - 9,836",% of booked,0.206142395820056
REV_DEBT,2025,"6,559 - 9,836",Charged off $,221014.34
REV_DEBT,2025,"6,559 - 9,836",Charge-off rate,0.0201355319445977
REV_DEBT,2025,"6,559 - 9,836",× book,0.483965954387615
REV_DEBT,2025,"6,559 - 9,836",% of charge-offs,0.100583118507497
REV_DEBT,2025,"6,559 - 9,836",RANR $,420971.26
REV_DEBT,2025,"6,559 - 9,836",RANR rate,0.0383526256870372
REV_DEBT,2025,"6,559 - 9,836",% of RANR,0.297086440215734
REV_DEBT,2025,"9,837 - 13,051",Loans,325
REV_DEBT,2025,"9,837 - 13,051",% of loans,0.190951821386604
REV_DEBT,2025,"9,837 - 13,051",Bad loans,20
REV_DEBT,2025,"9,837 - 13,051",Bad loans %,0.0615384615384615
REV_DEBT,2025,"9,837 - 13,051",Booked $,10275332.49
REV_DEBT,2025,"9,837 - 13,051",% of booked,0.192977136351222
REV_DEBT,2025,"9,837 - 13,051",Charged off $,340817.32
REV_DEBT,2025,"9,837 - 13,051",Charge-off rate,0.0331684955529843
REV_DEBT,2025,"9,837 - 13,051",× book,0.797218700259279
REV_DEBT,2025,"9,837 - 13,051",% of charge-offs,0.155105179541596
REV_DEBT,2025,"9,837 - 13,051",RANR $,340343.340000001
REV_DEBT,2025,"9,837 - 13,051",RANR rate,0.033122367605255
REV_DEBT,2025,"9,837 - 13,051",% of RANR,0.24018597215338
REV_DEBT,2025,"13,052 - 17,186",Loans,347
REV_DEBT,2025,"13,052 - 17,186",% of loans,0.203877790834313
REV_DEBT,2025,"13,052 - 17,186",Bad loans,31
REV_DEBT,2025,"13,052 - 17,186",Bad loans %,0.0893371757925072
REV_DEBT,2025,"13,052 - 17,186",Booked $,10730420.97
REV_DEBT,2025,"13,052 - 17,186",% of booked,0.201523981111944
REV_DEBT,2025,"13,052 - 17,186",Charged off $,579377.2
REV_DEBT,2025,"13,052 - 17,186",Charge-off rate,0.0539938928416525
REV_DEBT,2025,"13,052 - 17,186",× book,1.2977658574957
REV_DEBT,2025,"13,052 - 17,186",% of charge-offs,0.263673233004436
REV_DEBT,2025,"13,052 - 17,186",RANR $,216150.78
REV_DEBT,2025,"13,052 - 17,186",RANR rate,0.0201437371939379
REV_DEBT,2025,"13,052 - 17,186",% of RANR,0.152541210960706
REV_DEBT,2025,"17,187 - 48,521",Loans,339
REV_DEBT,2025,"17,187 - 48,521",% of loans,0.199177438307873
REV_DEBT,2025,"17,187 - 48,521",Bad loans,50
REV_DEBT,2025,"17,187 - 48,521",Bad loans %,0.147492625368732
REV_DEBT,2025,"17,187 - 48,521",Booked $,10499359.57
REV_DEBT,2025,"17,187 - 48,521",% of booked,0.19718450427879
REV_DEBT,2025,"17,187 - 48,521",Charged off $,830269.03
REV_DEBT,2025,"17,187 - 48,521",Charge-off rate,0.0790780641871092
REV_DEBT,2025,"17,187 - 48,521",× book,1.90067443515975
REV_DEBT,2025,"17,187 - 48,521",% of charge-offs,0.377853528588209
REV_DEBT,2025,"17,187 - 48,521",RANR $,108112.12
REV_DEBT,2025,"17,187 - 48,521",RANR rate,0.0102970204305518
REV_DEBT,2025,"17,187 - 48,521",% of RANR,0.0762965264540297
REV_DEBT,2025,All,Loans,1702
REV_DEBT,2025,All,% of loans,1
REV_DEBT,2025,All,Bad loans,130
REV_DEBT,2025,All,Bad loans %,0.0763807285546416
REV_DEBT,2025,All,Booked $,53246372.52
REV_DEBT,2025,All,% of booked,1
REV_DEBT,2025,All,Charged off $,2197330.36
REV_DEBT,2025,All,Charge-off rate,0.0412672310996332
REV_DEBT,2025,All,× book,0.991875205433876
REV_DEBT,2025,All,% of charge-offs,1
REV_DEBT,2025,All,RANR $,1416999.24
REV_DEBT,2025,All,RANR rate,0.0266121272292823
REV_DEBT,2025,All,% of RANR,1
REV_DEBT,2026,"0 - 6,558",Loans,74
REV_DEBT,2026,"0 - 6,558",% of loans,0.198391420911528
REV_DEBT,2026,"0 - 6,558",Bad loans,3
REV_DEBT,2026,"0 - 6,558",Bad loans %,0.0405405405405405
REV_DEBT,2026,"0 - 6,558",Booked $,2564151.22
REV_DEBT,2026,"0 - 6,558",% of booked,0.217068369080325
REV_DEBT,2026,"0 - 6,558",Charged off $,46719.8
REV_DEBT,2026,"0 - 6,558",Charge-off rate,0.0182203762537843
REV_DEBT,2026,"0 - 6,558",× book,0.437934384213275
REV_DEBT,2026,"0 - 6,558",% of charge-offs,0.112820929164019
REV_DEBT,2026,"0 - 6,558",RANR $,15192.16
REV_DEBT,2026,"0 - 6,558",RANR rate,0.00592482997161142
REV_DEBT,2026,"0 - 6,558",% of RANR,-0.265554491235676
REV_DEBT,2026,"6,559 - 9,836",Loans,73
REV_DEBT,2026,"6,559 - 9,836",% of loans,0.195710455764075
REV_DEBT,2026,"6,559 - 9,836",Bad loans,4
REV_DEBT,2026,"6,559 - 9,836",Bad loans %,0.0547945205479452
REV_DEBT,2026,"6,559 - 9,836",Booked $,2268267.03
REV_DEBT,2026,"6,559 - 9,836",% of booked,0.192020275949549
REV_DEBT,2026,"6,559 - 9,836",Charged off $,109286.83
REV_DEBT,2026,"6,559 - 9,836",Charge-off rate,0.0481807602696584
REV_DEBT,2026,"6,559 - 9,836",× book,1.15804477831449
REV_DEBT,2026,"6,559 - 9,836",% of charge-offs,0.263910412844022
REV_DEBT,2026,"6,559 - 9,836",RANR $,-49120.97
REV_DEBT,2026,"6,559 - 9,836",RANR rate,-0.0216557263101426
REV_DEBT,2026,"6,559 - 9,836",% of RANR,0.858620117044112
REV_DEBT,2026,"9,837 - 13,051",Loans,72
REV_DEBT,2026,"9,837 - 13,051",% of loans,0.193029490616622
REV_DEBT,2026,"9,837 - 13,051",Bad loans,3
REV_DEBT,2026,"9,837 - 13,051",Bad loans %,0.0416666666666667
REV_DEBT,2026,"9,837 - 13,051",Booked $,2409051.98
REV_DEBT,2026,"9,837 - 13,051",% of booked,0.203938433993112
REV_DEBT,2026,"9,837 - 13,051",Charged off $,56699.13
REV_DEBT,2026,"9,837 - 13,051",Charge-off rate,0.0235358682463963
REV_DEBT,2026,"9,837 - 13,051",× book,0.565694463376934
REV_DEBT,2026,"9,837 - 13,051",% of charge-offs,0.136919433075302
REV_DEBT,2026,"9,837 - 13,051",RANR $,16667.28
REV_DEBT,2026,"9,837 - 13,051",RANR rate,0.00691860538434708
REV_DEBT,2026,"9,837 - 13,051",% of RANR,-0.291339155240765
REV_DEBT,2026,"13,052 - 17,186",Loans,80
REV_DEBT,2026,"13,052 - 17,186",% of loans,0.214477211796247
REV_DEBT,2026,"13,052 - 17,186",Bad loans,3
REV_DEBT,2026,"13,052 - 17,186",Bad loans %,0.0375
REV_DEBT,2026,"13,052 - 17,186",Booked $,2416129.8
REV_DEBT,2026,"13,052 - 17,186",% of booked,0.204537607252498
REV_DEBT,2026,"13,052 - 17,186",Charged off $,24171.22
REV_DEBT,2026,"13,052 - 17,186",Charge-off rate,0.0100041065674535
REV_DEBT,2026,"13,052 - 17,186",× book,0.240452896701942
REV_DEBT,2026,"13,052 - 17,186",% of charge-offs,0.0583696740873872
REV_DEBT,2026,"13,052 - 17,186",RANR $,55817.92
REV_DEBT,2026,"13,052 - 17,186",RANR rate,0.023102202538953
REV_DEBT,2026,"13,052 - 17,186",% of RANR,-0.975680834551087
REV_DEBT,2026,"17,187 - 48,521",Loans,74
REV_DEBT,2026,"17,187 - 48,521",% of loans,0.198391420911528
REV_DEBT,2026,"17,187 - 48,521",Bad loans,12
REV_DEBT,2026,"17,187 - 48,521",Bad loans %,0.162162162162162
REV_DEBT,2026,"17,187 - 48,521",Booked $,2155043.29
REV_DEBT,2026,"17,187 - 48,521",% of booked,0.182435313724515
REV_DEBT,2026,"17,187 - 48,521",Charged off $,177228.81
REV_DEBT,2026,"17,187 - 48,521",Charge-off rate,0.082239095067088
REV_DEBT,2026,"17,187 - 48,521",× book,1.97665113797977
REV_DEBT,2026,"17,187 - 48,521",% of charge-offs,0.42797955082927
REV_DEBT,2026,"17,187 - 48,521",RANR $,-95765.59
REV_DEBT,2026,"17,187 - 48,521",RANR rate,-0.0444378961872269
REV_DEBT,2026,"17,187 - 48,521",% of RANR,1.67395436398342
REV_DEBT,2026,All,Loans,373
REV_DEBT,2026,All,% of loans,1
REV_DEBT,2026,All,Bad loans,25
REV_DEBT,2026,All,Bad loans %,0.0670241286863271
REV_DEBT,2026,All,Booked $,11812643.32
REV_DEBT,2026,All,% of booked,1
REV_DEBT,2026,All,Charged off $,414105.79
REV_DEBT,2026,All,Charge-off rate,0.0350561494817064
REV_DEBT,2026,All,× book,0.842589254048528
REV_DEBT,2026,All,% of charge-offs,1
REV_DEBT,2026,All,RANR $,-57209.2
REV_DEBT,2026,All,RANR rate,-0.00484304811803968
REV_DEBT,2026,All,% of RANR,1
