cert,bank,year,values,tied_to_the_filing,photographs,megabytes,pdf
3510,Bank of America NA,2016,174,152,260,2.6,TIE-OUT-3510-Bank-of-America-NA-2016.pdf
3510,Bank of America NA,2017,348,316,536,5.1,TIE-OUT-3510-Bank-of-America-NA-2017.pdf
3510,Bank of America NA,2018,348,316,533,5.1,TIE-OUT-3510-Bank-of-America-NA-2018.pdf
3510,Bank of America NA,2019,348,316,532,5.1,TIE-OUT-3510-Bank-of-America-NA-2019.pdf
3510,Bank of America NA,2020,348,306,504,5.1,TIE-OUT-3510-Bank-of-America-NA-2020.pdf
3510,Bank of America NA,2021,348,316,532,5.2,TIE-OUT-3510-Bank-of-America-NA-2021.pdf
3510,Bank of America NA,2022,348,316,532,5.2,TIE-OUT-3510-Bank-of-America-NA-2022.pdf
3510,Bank of America NA,2023,348,316,532,5.2,TIE-OUT-3510-Bank-of-America-NA-2023.pdf
3510,Bank of America NA,2024,348,316,533,5.2,TIE-OUT-3510-Bank-of-America-NA-2024.pdf
3510,Bank of America NA,2025,348,316,536,5.2,TIE-OUT-3510-Bank-of-America-NA-2025.pdf
3510,Bank of America NA,2026,174,158,268,2.7,TIE-OUT-3510-Bank-of-America-NA-2026.pdf
639,Bank of New York Mellon,2016,174,152,260,2.2,TIE-OUT-639-Bank-of-New-York-Mellon-2016.pdf
639,Bank of New York Mellon,2017,348,316,536,4.3,TIE-OUT-639-Bank-of-New-York-Mellon-2017.pdf
639,Bank of New York Mellon,2018,348,316,533,4.3,TIE-OUT-639-Bank-of-New-York-Mellon-2018.pdf
639,Bank of New York Mellon,2019,348,316,532,4.4,TIE-OUT-639-Bank-of-New-York-Mellon-2019.pdf
639,Bank of New York Mellon,2020,348,316,532,4.4,TIE-OUT-639-Bank-of-New-York-Mellon-2020.pdf
639,Bank of New York Mellon,2021,348,316,532,4.4,TIE-OUT-639-Bank-of-New-York-Mellon-2021.pdf
639,Bank of New York Mellon,2022,348,316,532,4.4,TIE-OUT-639-Bank-of-New-York-Mellon-2022.pdf
639,Bank of New York Mellon,2023,348,316,532,4.4,TIE-OUT-639-Bank-of-New-York-Mellon-2023.pdf
639,Bank of New York Mellon,2024,348,316,533,4.5,TIE-OUT-639-Bank-of-New-York-Mellon-2024.pdf
639,Bank of New York Mellon,2025,348,316,536,4.5,TIE-OUT-639-Bank-of-New-York-Mellon-2025.pdf
639,Bank of New York Mellon,2026,174,158,268,2.4,TIE-OUT-639-Bank-of-New-York-Mellon-2026.pdf
4297,Capital One NA,2016,174,152,260,2.5,TIE-OUT-4297-Capital-One-NA-2016.pdf
4297,Capital One NA,2017,348,316,536,5.0,TIE-OUT-4297-Capital-One-NA-2017.pdf
4297,Capital One NA,2018,348,316,533,5.0,TIE-OUT-4297-Capital-One-NA-2018.pdf
4297,Capital One NA,2019,348,316,532,5.0,TIE-OUT-4297-Capital-One-NA-2019.pdf
4297,Capital One NA,2020,348,316,532,5.1,TIE-OUT-4297-Capital-One-NA-2020.pdf
4297,Capital One NA,2021,348,316,532,5.1,TIE-OUT-4297-Capital-One-NA-2021.pdf
4297,Capital One NA,2022,348,306,504,4.9,TIE-OUT-4297-Capital-One-NA-2022.pdf
4297,Capital One NA,2023,348,316,532,5.1,TIE-OUT-4297-Capital-One-NA-2023.pdf
4297,Capital One NA,2024,348,316,533,5.1,TIE-OUT-4297-Capital-One-NA-2024.pdf
4297,Capital One NA,2025,348,306,508,5.0,TIE-OUT-4297-Capital-One-NA-2025.pdf
4297,Capital One NA,2026,174,158,268,2.6,TIE-OUT-4297-Capital-One-NA-2026.pdf
7213,Citibank NA,2016,174,152,260,2.5,TIE-OUT-7213-Citibank-NA-2016.pdf
7213,Citibank NA,2017,348,316,536,4.9,TIE-OUT-7213-Citibank-NA-2017.pdf
7213,Citibank NA,2018,348,316,533,4.8,TIE-OUT-7213-Citibank-NA-2018.pdf
7213,Citibank NA,2019,348,316,532,4.8,TIE-OUT-7213-Citibank-NA-2019.pdf
7213,Citibank NA,2020,348,316,532,5.0,TIE-OUT-7213-Citibank-NA-2020.pdf
7213,Citibank NA,2021,348,316,532,5.0,TIE-OUT-7213-Citibank-NA-2021.pdf
7213,Citibank NA,2022,348,306,504,4.8,TIE-OUT-7213-Citibank-NA-2022.pdf
7213,Citibank NA,2023,348,316,532,5.0,TIE-OUT-7213-Citibank-NA-2023.pdf
7213,Citibank NA,2024,348,316,533,5.0,TIE-OUT-7213-Citibank-NA-2024.pdf
7213,Citibank NA,2025,348,316,536,5.0,TIE-OUT-7213-Citibank-NA-2025.pdf
7213,Citibank NA,2026,174,158,268,2.6,TIE-OUT-7213-Citibank-NA-2026.pdf
57957,Citizens Bank NA,2016,174,152,260,2.5,TIE-OUT-57957-Citizens-Bank-NA-2016.pdf
57957,Citizens Bank NA,2017,348,316,536,5.0,TIE-OUT-57957-Citizens-Bank-NA-2017.pdf
57957,Citizens Bank NA,2018,348,316,533,5.0,TIE-OUT-57957-Citizens-Bank-NA-2018.pdf
57957,Citizens Bank NA,2019,348,306,504,4.9,TIE-OUT-57957-Citizens-Bank-NA-2019.pdf
57957,Citizens Bank NA,2020,348,316,532,5.1,TIE-OUT-57957-Citizens-Bank-NA-2020.pdf
57957,Citizens Bank NA,2021,348,316,532,5.1,TIE-OUT-57957-Citizens-Bank-NA-2021.pdf
57957,Citizens Bank NA,2022,348,306,504,5.0,TIE-OUT-57957-Citizens-Bank-NA-2022.pdf
57957,Citizens Bank NA,2023,348,316,532,5.2,TIE-OUT-57957-Citizens-Bank-NA-2023.pdf
57957,Citizens Bank NA,2024,348,316,533,5.2,TIE-OUT-57957-Citizens-Bank-NA-2024.pdf
57957,Citizens Bank NA,2025,348,316,536,5.2,TIE-OUT-57957-Citizens-Bank-NA-2025.pdf
57957,Citizens Bank NA,2026,174,158,268,2.7,TIE-OUT-57957-Citizens-Bank-NA-2026.pdf
6672,Fifth Third Bank NA,2016,174,152,260,2.5,TIE-OUT-6672-Fifth-Third-Bank-NA-2016.pdf
6672,Fifth Third Bank NA,2017,348,316,536,5.0,TIE-OUT-6672-Fifth-Third-Bank-NA-2017.pdf
6672,Fifth Third Bank NA,2018,348,316,533,5.0,TIE-OUT-6672-Fifth-Third-Bank-NA-2018.pdf
6672,Fifth Third Bank NA,2019,348,306,504,4.9,TIE-OUT-6672-Fifth-Third-Bank-NA-2019.pdf
6672,Fifth Third Bank NA,2020,348,316,532,5.2,TIE-OUT-6672-Fifth-Third-Bank-NA-2020.pdf
6672,Fifth Third Bank NA,2021,348,316,532,5.2,TIE-OUT-6672-Fifth-Third-Bank-NA-2021.pdf
6672,Fifth Third Bank NA,2022,348,316,532,5.2,TIE-OUT-6672-Fifth-Third-Bank-NA-2022.pdf
6672,Fifth Third Bank NA,2023,348,316,532,5.0,TIE-OUT-6672-Fifth-Third-Bank-NA-2023.pdf
6672,Fifth Third Bank NA,2024,348,316,533,5.0,TIE-OUT-6672-Fifth-Third-Bank-NA-2024.pdf
6672,Fifth Third Bank NA,2025,348,316,536,5.0,TIE-OUT-6672-Fifth-Third-Bank-NA-2025.pdf
6672,Fifth Third Bank NA,2026,174,148,240,2.5,TIE-OUT-6672-Fifth-Third-Bank-NA-2026.pdf
11063,First-Citizens Bank & Trust,2016,174,141,220,2.3,TIE-OUT-11063-First-Citizens-Bank-&-Trust-2016.pdf
11063,First-Citizens Bank & Trust,2017,348,294,456,4.6,TIE-OUT-11063-First-Citizens-Bank-&-Trust-2017.pdf
11063,First-Citizens Bank & Trust,2018,348,294,453,4.6,TIE-OUT-11063-First-Citizens-Bank-&-Trust-2018.pdf
11063,First-Citizens Bank & Trust,2019,348,294,452,4.6,TIE-OUT-11063-First-Citizens-Bank-&-Trust-2019.pdf
11063,First-Citizens Bank & Trust,2020,348,303,476,4.7,TIE-OUT-11063-First-Citizens-Bank-&-Trust-2020.pdf
11063,First-Citizens Bank & Trust,2021,348,312,500,4.9,TIE-OUT-11063-First-Citizens-Bank-&-Trust-2021.pdf
11063,First-Citizens Bank & Trust,2022,348,306,504,5.1,TIE-OUT-11063-First-Citizens-Bank-&-Trust-2022.pdf
11063,First-Citizens Bank & Trust,2023,348,306,504,5.1,TIE-OUT-11063-First-Citizens-Bank-&-Trust-2023.pdf
11063,First-Citizens Bank & Trust,2024,348,316,533,5.0,TIE-OUT-11063-First-Citizens-Bank-&-Trust-2024.pdf
11063,First-Citizens Bank & Trust,2025,348,316,536,5.1,TIE-OUT-11063-First-Citizens-Bank-&-Trust-2025.pdf
11063,First-Citizens Bank & Trust,2026,174,158,268,2.6,TIE-OUT-11063-First-Citizens-Bank-&-Trust-2026.pdf
33124,Goldman Sachs Bank USA,2016,174,152,260,2.3,TIE-OUT-33124-Goldman-Sachs-Bank-USA-2016.pdf
33124,Goldman Sachs Bank USA,2017,348,316,536,4.3,TIE-OUT-33124-Goldman-Sachs-Bank-USA-2017.pdf
33124,Goldman Sachs Bank USA,2018,348,316,533,4.4,TIE-OUT-33124-Goldman-Sachs-Bank-USA-2018.pdf
33124,Goldman Sachs Bank USA,2019,348,316,532,4.6,TIE-OUT-33124-Goldman-Sachs-Bank-USA-2019.pdf
33124,Goldman Sachs Bank USA,2020,348,316,532,4.7,TIE-OUT-33124-Goldman-Sachs-Bank-USA-2020.pdf
33124,Goldman Sachs Bank USA,2021,348,316,532,4.8,TIE-OUT-33124-Goldman-Sachs-Bank-USA-2021.pdf
33124,Goldman Sachs Bank USA,2022,348,316,532,4.8,TIE-OUT-33124-Goldman-Sachs-Bank-USA-2022.pdf
33124,Goldman Sachs Bank USA,2023,348,316,532,4.9,TIE-OUT-33124-Goldman-Sachs-Bank-USA-2023.pdf
33124,Goldman Sachs Bank USA,2024,348,316,533,4.9,TIE-OUT-33124-Goldman-Sachs-Bank-USA-2024.pdf
33124,Goldman Sachs Bank USA,2025,348,316,536,4.9,TIE-OUT-33124-Goldman-Sachs-Bank-USA-2025.pdf
33124,Goldman Sachs Bank USA,2026,174,158,268,2.6,TIE-OUT-33124-Goldman-Sachs-Bank-USA-2026.pdf
6560,Huntington National Bank,2016,174,142,232,2.4,TIE-OUT-6560-Huntington-National-Bank-2016.pdf
6560,Huntington National Bank,2017,348,316,536,5.0,TIE-OUT-6560-Huntington-National-Bank-2017.pdf
6560,Huntington National Bank,2018,348,313,511,4.9,TIE-OUT-6560-Huntington-National-Bank-2018.pdf
6560,Huntington National Bank,2019,348,316,529,5.0,TIE-OUT-6560-Huntington-National-Bank-2019.pdf
6560,Huntington National Bank,2020,348,316,532,5.1,TIE-OUT-6560-Huntington-National-Bank-2020.pdf
6560,Huntington National Bank,2021,348,306,504,5.0,TIE-OUT-6560-Huntington-National-Bank-2021.pdf
6560,Huntington National Bank,2022,348,316,532,5.2,TIE-OUT-6560-Huntington-National-Bank-2022.pdf
6560,Huntington National Bank,2023,348,316,532,5.2,TIE-OUT-6560-Huntington-National-Bank-2023.pdf
6560,Huntington National Bank,2024,348,316,533,5.2,TIE-OUT-6560-Huntington-National-Bank-2024.pdf
6560,Huntington National Bank,2025,348,306,508,5.1,TIE-OUT-6560-Huntington-National-Bank-2025.pdf
6560,Huntington National Bank,2026,174,139,216,2.4,TIE-OUT-6560-Huntington-National-Bank-2026.pdf
628,JPMorgan Chase Bank NA,2016,174,152,260,2.6,TIE-OUT-628-JPMorgan-Chase-Bank-NA-2016.pdf
628,JPMorgan Chase Bank NA,2017,348,316,536,5.1,TIE-OUT-628-JPMorgan-Chase-Bank-NA-2017.pdf
628,JPMorgan Chase Bank NA,2018,348,316,533,5.1,TIE-OUT-628-JPMorgan-Chase-Bank-NA-2018.pdf
628,JPMorgan Chase Bank NA,2019,348,306,504,5.0,TIE-OUT-628-JPMorgan-Chase-Bank-NA-2019.pdf
628,JPMorgan Chase Bank NA,2020,348,316,532,5.1,TIE-OUT-628-JPMorgan-Chase-Bank-NA-2020.pdf
628,JPMorgan Chase Bank NA,2021,348,316,532,5.1,TIE-OUT-628-JPMorgan-Chase-Bank-NA-2021.pdf
628,JPMorgan Chase Bank NA,2022,348,316,532,5.2,TIE-OUT-628-JPMorgan-Chase-Bank-NA-2022.pdf
628,JPMorgan Chase Bank NA,2023,348,306,504,5.1,TIE-OUT-628-JPMorgan-Chase-Bank-NA-2023.pdf
628,JPMorgan Chase Bank NA,2024,348,316,533,5.3,TIE-OUT-628-JPMorgan-Chase-Bank-NA-2024.pdf
628,JPMorgan Chase Bank NA,2025,348,316,536,5.3,TIE-OUT-628-JPMorgan-Chase-Bank-NA-2025.pdf
628,JPMorgan Chase Bank NA,2026,174,158,268,2.7,TIE-OUT-628-JPMorgan-Chase-Bank-NA-2026.pdf
17534,KeyBank NA,2016,174,142,228,2.4,TIE-OUT-17534-KeyBank-NA-2016.pdf
17534,KeyBank NA,2017,348,316,528,5.0,TIE-OUT-17534-KeyBank-NA-2017.pdf
17534,KeyBank NA,2018,348,316,525,5.0,TIE-OUT-17534-KeyBank-NA-2018.pdf
17534,KeyBank NA,2019,348,316,524,5.0,TIE-OUT-17534-KeyBank-NA-2019.pdf
17534,KeyBank NA,2020,348,316,524,5.1,TIE-OUT-17534-KeyBank-NA-2020.pdf
17534,KeyBank NA,2021,348,316,524,5.1,TIE-OUT-17534-KeyBank-NA-2021.pdf
17534,KeyBank NA,2022,348,316,524,5.1,TIE-OUT-17534-KeyBank-NA-2022.pdf
17534,KeyBank NA,2023,348,316,524,5.1,TIE-OUT-17534-KeyBank-NA-2023.pdf
17534,KeyBank NA,2024,348,316,525,5.1,TIE-OUT-17534-KeyBank-NA-2024.pdf
17534,KeyBank NA,2025,348,316,528,5.1,TIE-OUT-17534-KeyBank-NA-2025.pdf
17534,KeyBank NA,2026,174,158,264,2.6,TIE-OUT-17534-KeyBank-NA-2026.pdf
588,Manufacturers and Traders Trust,2016,174,152,260,2.5,TIE-OUT-588-Manufacturers-and-Traders-Trust-2016.pdf
588,Manufacturers and Traders Trust,2017,348,316,536,5.1,TIE-OUT-588-Manufacturers-and-Traders-Trust-2017.pdf
588,Manufacturers and Traders Trust,2018,348,316,533,5.0,TIE-OUT-588-Manufacturers-and-Traders-Trust-2018.pdf
588,Manufacturers and Traders Trust,2019,348,316,532,5.1,TIE-OUT-588-Manufacturers-and-Traders-Trust-2019.pdf
588,Manufacturers and Traders Trust,2020,348,316,532,5.2,TIE-OUT-588-Manufacturers-and-Traders-Trust-2020.pdf
588,Manufacturers and Traders Trust,2021,348,316,532,5.2,TIE-OUT-588-Manufacturers-and-Traders-Trust-2021.pdf
588,Manufacturers and Traders Trust,2022,348,306,504,5.1,TIE-OUT-588-Manufacturers-and-Traders-Trust-2022.pdf
588,Manufacturers and Traders Trust,2023,348,316,532,5.2,TIE-OUT-588-Manufacturers-and-Traders-Trust-2023.pdf
588,Manufacturers and Traders Trust,2024,348,316,533,5.2,TIE-OUT-588-Manufacturers-and-Traders-Trust-2024.pdf
588,Manufacturers and Traders Trust,2025,348,316,536,5.2,TIE-OUT-588-Manufacturers-and-Traders-Trust-2025.pdf
588,Manufacturers and Traders Trust,2026,174,158,268,2.6,TIE-OUT-588-Manufacturers-and-Traders-Trust-2026.pdf
32992,Morgan Stanley Bank NA,2016,174,150,244,2.4,TIE-OUT-32992-Morgan-Stanley-Bank-NA-2016.pdf
32992,Morgan Stanley Bank NA,2017,348,312,504,4.1,TIE-OUT-32992-Morgan-Stanley-Bank-NA-2017.pdf
32992,Morgan Stanley Bank NA,2018,348,314,521,4.3,TIE-OUT-32992-Morgan-Stanley-Bank-NA-2018.pdf
32992,Morgan Stanley Bank NA,2019,348,316,532,4.4,TIE-OUT-32992-Morgan-Stanley-Bank-NA-2019.pdf
32992,Morgan Stanley Bank NA,2020,348,316,532,4.4,TIE-OUT-32992-Morgan-Stanley-Bank-NA-2020.pdf
32992,Morgan Stanley Bank NA,2021,348,316,532,4.4,TIE-OUT-32992-Morgan-Stanley-Bank-NA-2021.pdf
32992,Morgan Stanley Bank NA,2022,348,316,532,4.3,TIE-OUT-32992-Morgan-Stanley-Bank-NA-2022.pdf
32992,Morgan Stanley Bank NA,2023,348,316,532,4.5,TIE-OUT-32992-Morgan-Stanley-Bank-NA-2023.pdf
32992,Morgan Stanley Bank NA,2024,348,316,533,4.6,TIE-OUT-32992-Morgan-Stanley-Bank-NA-2024.pdf
32992,Morgan Stanley Bank NA,2025,348,316,536,4.5,TIE-OUT-32992-Morgan-Stanley-Bank-NA-2025.pdf
32992,Morgan Stanley Bank NA,2026,174,158,268,2.5,TIE-OUT-32992-Morgan-Stanley-Bank-NA-2026.pdf
6384,PNC Bank NA,2016,174,152,260,2.6,TIE-OUT-6384-PNC-Bank-NA-2016.pdf
6384,PNC Bank NA,2017,348,316,536,5.1,TIE-OUT-6384-PNC-Bank-NA-2017.pdf
6384,PNC Bank NA,2018,348,316,533,5.1,TIE-OUT-6384-PNC-Bank-NA-2018.pdf
6384,PNC Bank NA,2019,348,316,532,5.1,TIE-OUT-6384-PNC-Bank-NA-2019.pdf
6384,PNC Bank NA,2020,348,316,532,5.2,TIE-OUT-6384-PNC-Bank-NA-2020.pdf
6384,PNC Bank NA,2021,348,306,504,5.1,TIE-OUT-6384-PNC-Bank-NA-2021.pdf
6384,PNC Bank NA,2022,348,316,532,5.2,TIE-OUT-6384-PNC-Bank-NA-2022.pdf
6384,PNC Bank NA,2023,348,316,532,5.2,TIE-OUT-6384-PNC-Bank-NA-2023.pdf
6384,PNC Bank NA,2024,348,316,533,5.2,TIE-OUT-6384-PNC-Bank-NA-2024.pdf
6384,PNC Bank NA,2025,348,316,536,5.2,TIE-OUT-6384-PNC-Bank-NA-2025.pdf
6384,PNC Bank NA,2026,174,148,240,2.6,TIE-OUT-6384-PNC-Bank-NA-2026.pdf
12368,Regions Bank,2016,174,152,260,2.5,TIE-OUT-12368-Regions-Bank-2016.pdf
12368,Regions Bank,2017,348,316,536,5.0,TIE-OUT-12368-Regions-Bank-2017.pdf
12368,Regions Bank,2018,348,316,533,5.0,TIE-OUT-12368-Regions-Bank-2018.pdf
12368,Regions Bank,2019,348,316,532,4.9,TIE-OUT-12368-Regions-Bank-2019.pdf
12368,Regions Bank,2020,348,316,532,4.9,TIE-OUT-12368-Regions-Bank-2020.pdf
12368,Regions Bank,2021,348,306,504,4.8,TIE-OUT-12368-Regions-Bank-2021.pdf
12368,Regions Bank,2022,348,316,532,4.9,TIE-OUT-12368-Regions-Bank-2022.pdf
12368,Regions Bank,2023,348,316,528,4.9,TIE-OUT-12368-Regions-Bank-2023.pdf
12368,Regions Bank,2024,348,316,532,5.0,TIE-OUT-12368-Regions-Bank-2024.pdf
12368,Regions Bank,2025,348,316,536,4.9,TIE-OUT-12368-Regions-Bank-2025.pdf
12368,Regions Bank,2026,174,158,268,2.5,TIE-OUT-12368-Regions-Bank-2026.pdf
9846,Truist Bank,2016,174,152,260,2.5,TIE-OUT-9846-Truist-Bank-2016.pdf
9846,Truist Bank,2017,348,316,536,5.0,TIE-OUT-9846-Truist-Bank-2017.pdf
9846,Truist Bank,2018,348,316,533,5.0,TIE-OUT-9846-Truist-Bank-2018.pdf
9846,Truist Bank,2019,348,306,504,4.9,TIE-OUT-9846-Truist-Bank-2019.pdf
9846,Truist Bank,2020,348,316,532,5.1,TIE-OUT-9846-Truist-Bank-2020.pdf
9846,Truist Bank,2021,348,316,532,5.1,TIE-OUT-9846-Truist-Bank-2021.pdf
9846,Truist Bank,2022,348,316,532,5.0,TIE-OUT-9846-Truist-Bank-2022.pdf
9846,Truist Bank,2023,348,316,532,5.1,TIE-OUT-9846-Truist-Bank-2023.pdf
9846,Truist Bank,2024,348,316,533,5.1,TIE-OUT-9846-Truist-Bank-2024.pdf
9846,Truist Bank,2025,348,316,536,5.1,TIE-OUT-9846-Truist-Bank-2025.pdf
9846,Truist Bank,2026,174,158,268,2.6,TIE-OUT-9846-Truist-Bank-2026.pdf
6548,US Bank NA,2016,174,152,260,2.6,TIE-OUT-6548-US-Bank-NA-2016.pdf
6548,US Bank NA,2017,348,316,536,5.1,TIE-OUT-6548-US-Bank-NA-2017.pdf
6548,US Bank NA,2018,348,316,533,5.1,TIE-OUT-6548-US-Bank-NA-2018.pdf
6548,US Bank NA,2019,348,316,532,5.1,TIE-OUT-6548-US-Bank-NA-2019.pdf
6548,US Bank NA,2020,348,316,532,5.2,TIE-OUT-6548-US-Bank-NA-2020.pdf
6548,US Bank NA,2021,348,316,532,5.2,TIE-OUT-6548-US-Bank-NA-2021.pdf
6548,US Bank NA,2022,348,316,532,5.2,TIE-OUT-6548-US-Bank-NA-2022.pdf
6548,US Bank NA,2023,348,306,504,5.1,TIE-OUT-6548-US-Bank-NA-2023.pdf
6548,US Bank NA,2024,348,316,533,5.2,TIE-OUT-6548-US-Bank-NA-2024.pdf
6548,US Bank NA,2025,348,316,536,5.3,TIE-OUT-6548-US-Bank-NA-2025.pdf
6548,US Bank NA,2026,174,158,268,2.7,TIE-OUT-6548-US-Bank-NA-2026.pdf
3511,Wells Fargo Bank NA,2016,174,152,260,2.6,TIE-OUT-3511-Wells-Fargo-Bank-NA-2016.pdf
3511,Wells Fargo Bank NA,2017,348,316,536,5.1,TIE-OUT-3511-Wells-Fargo-Bank-NA-2017.pdf
3511,Wells Fargo Bank NA,2018,348,316,533,5.1,TIE-OUT-3511-Wells-Fargo-Bank-NA-2018.pdf
3511,Wells Fargo Bank NA,2019,348,316,532,5.1,TIE-OUT-3511-Wells-Fargo-Bank-NA-2019.pdf
3511,Wells Fargo Bank NA,2020,348,316,532,5.2,TIE-OUT-3511-Wells-Fargo-Bank-NA-2020.pdf
3511,Wells Fargo Bank NA,2021,348,316,532,5.2,TIE-OUT-3511-Wells-Fargo-Bank-NA-2021.pdf
3511,Wells Fargo Bank NA,2022,348,316,532,5.2,TIE-OUT-3511-Wells-Fargo-Bank-NA-2022.pdf
3511,Wells Fargo Bank NA,2023,348,316,532,5.2,TIE-OUT-3511-Wells-Fargo-Bank-NA-2023.pdf
3511,Wells Fargo Bank NA,2024,348,316,533,5.2,TIE-OUT-3511-Wells-Fargo-Bank-NA-2024.pdf
3511,Wells Fargo Bank NA,2025,348,316,536,5.2,TIE-OUT-3511-Wells-Fargo-Bank-NA-2025.pdf
3511,Wells Fargo Bank NA,2026,174,158,268,2.7,TIE-OUT-3511-Wells-Fargo-Bank-NA-2026.pdf
2270,Zions Bancorporation NA,2016,174,152,260,2.5,TIE-OUT-2270-Zions-Bancorporation-NA-2016.pdf
2270,Zions Bancorporation NA,2017,348,312,504,4.9,TIE-OUT-2270-Zions-Bancorporation-NA-2017.pdf
2270,Zions Bancorporation NA,2018,348,312,501,4.9,TIE-OUT-2270-Zions-Bancorporation-NA-2018.pdf
2270,Zions Bancorporation NA,2019,348,312,500,4.9,TIE-OUT-2270-Zions-Bancorporation-NA-2019.pdf
2270,Zions Bancorporation NA,2020,348,312,500,4.9,TIE-OUT-2270-Zions-Bancorporation-NA-2020.pdf
2270,Zions Bancorporation NA,2021,348,312,500,4.8,TIE-OUT-2270-Zions-Bancorporation-NA-2021.pdf
2270,Zions Bancorporation NA,2022,348,312,500,4.9,TIE-OUT-2270-Zions-Bancorporation-NA-2022.pdf
2270,Zions Bancorporation NA,2023,348,312,500,4.9,TIE-OUT-2270-Zions-Bancorporation-NA-2023.pdf
2270,Zions Bancorporation NA,2024,348,312,501,4.9,TIE-OUT-2270-Zions-Bancorporation-NA-2024.pdf
2270,Zions Bancorporation NA,2025,348,312,504,4.9,TIE-OUT-2270-Zions-Bancorporation-NA-2025.pdf
2270,Zions Bancorporation NA,2026,174,156,252,2.5,TIE-OUT-2270-Zions-Bancorporation-NA-2026.pdf
